Temperature,Stage,Development_Time,Switch,Temp1,Temp2,Switch_Stage,Switch_Times,Exact_Time,Start_Time,Exact_Switch_Time
18.0,10,9.896166474497463,False,,,,,2024-09-16 18:53:46.199308,2024-09-16 09:00:00,
18.0,20,42.45540559439726,False,,,,,2024-09-18 03:27:19.460140,2024-09-16 09:00:00,
18.0,30,110.99084529566125,False,,,,,2024-09-20 23:59:27.043064,2024-09-16 09:00:00,
18.0,40,289.6735889670997,False,,,,,2024-09-28 10:40:24.920282,2024-09-16 09:00:00,
20.0,10,7.684565314636188,False,,,,,2024-09-16 16:41:04.435133,2024-09-16 09:00:00,
20.0,20,37.87462441098541,False,,,,,2024-09-17 22:52:28.647880,2024-09-16 09:00:00,
20.0,30,103.55929980215483,False,,,,,2024-09-20 16:33:33.479288,2024-09-16 09:00:00,
20.0,40,282.55327792723295,False,,,,,2024-09-28 03:33:11.800538,2024-09-16 09:00:00,
26.0,10,6.46078536648626,False,,,,,2024-09-16 15:27:38.827319,2024-09-16 09:00:00,
26.0,20,31.809911477547047,False,,,,,2024-09-17 16:48:35.681319,2024-09-16 09:00:00,
26.0,30,81.16030658506637,False,,,,,2024-09-19 18:09:37.103706,2024-09-16 09:00:00,
26.0,40,240.33702821377182,False,,,,,2024-09-26 09:20:13.301570,2024-09-16 09:00:00,
28.0,10,5.925451488105906,False,,,,,2024-09-16 14:55:31.625357,2024-09-16 09:00:00,
28.0,20,28.600573109895578,False,,,,,2024-09-17 13:36:02.063196,2024-09-16 09:00:00,
28.0,30,71.1355582662694,False,,,,,2024-09-19 08:08:08.009759,2024-09-16 09:00:00,
28.0,40,192.68345064690354,False,,,,,2024-09-24 09:41:00.422329,2024-09-16 09:00:00,
32.0,10,2.7867021148445783,False,,,,,2024-09-16 11:47:12.127613,2024-09-16 09:00:00,
32.0,20,21.73779124452033,False,,,,,2024-09-17 06:44:16.048480,2024-09-16 09:00:00,
32.0,30,49.888824446444744,False,,,,,2024-09-18 10:53:19.768007,2024-09-16 09:00:00,
32.0,40,147.9415480854382,False,,,,,2024-09-22 12:56:29.573108,2024-09-16 09:00:00,
18.0,10,7.684565314636188,True,18.0,20.0,0.0,0.0,2024-09-16 16:41:04.435133,2024-09-16 09:00:00,2024-09-16 09:00:00.000000
18.0,10,7.684565314636188,True,18.0,20.0,1.0,0.0,2024-09-16 16:41:04.435133,2024-09-16 09:00:00,2024-09-16 09:00:00.000000
18.0,10,7.684565314636188,True,18.0,20.0,2.0,0.0,2024-09-16 16:41:04.435133,2024-09-16 09:00:00,2024-09-16 09:00:00.000000
18.0,10,7.972696383877025,True,18.0,20.0,3.0,0.288131069240837,2024-09-16 16:58:21.706982,2024-09-16 09:00:00,2024-09-16 09:17:17.271849
18.0,10,8.709093749887955,True,18.0,20.0,4.0,1.0245284352517672,2024-09-16 17:42:32.737500,2024-09-16 09:00:00,2024-09-16 10:01:28.302367
18.0,10,8.933709645466642,True,18.0,20.0,5.0,1.9958547647664506,2024-09-16 17:56:01.354724,2024-09-16 09:00:00,2024-09-16 10:59:45.077153
18.0,10,9.139077624594698,True,18.0,20.0,6.0,3.1809430792268643,2024-09-16 18:08:20.679449,2024-09-16 09:00:00,2024-09-16 12:10:51.395085
18.0,10,9.340736092871257,True,18.0,20.0,7.0,4.567141433576214,2024-09-16 18:20:26.649934,2024-09-16 09:00:00,2024-09-16 13:34:01.709161
18.0,10,9.53722318007913,True,18.0,20.0,8.0,6.148718473408113,2024-09-16 18:32:14.003448,2024-09-16 09:00:00,2024-09-16 15:08:55.386504
18.0,10,9.723687511628738,True,18.0,20.0,9.0,7.924623949797507,2024-09-16 18:43:25.275042,2024-09-16 09:00:00,2024-09-16 16:55:28.646219
18.0,20,37.87462441098541,True,18.0,20.0,0.0,0.0,2024-09-17 22:52:28.647880,2024-09-16 09:00:00,2024-09-16 09:00:00.000000
18.0,20,37.87462441098541,True,18.0,20.0,1.0,0.0,2024-09-17 22:52:28.647880,2024-09-16 09:00:00,2024-09-16 09:00:00.000000
18.0,20,37.87462441098541,True,18.0,20.0,2.0,0.0,2024-09-17 22:52:28.647880,2024-09-16 09:00:00,2024-09-16 09:00:00.000000
18.0,20,38.16275548022625,True,18.0,20.0,3.0,0.288131069240837,2024-09-17 23:09:45.919729,2024-09-16 09:00:00,2024-09-16 09:17:17.271849
18.0,20,38.89915284623718,True,18.0,20.0,4.0,1.0245284352517672,2024-09-17 23:53:56.950246,2024-09-16 09:00:00,2024-09-16 10:01:28.302367
18.0,20,39.123768741815866,True,18.0,20.0,5.0,1.9958547647664506,2024-09-18 00:07:25.567471,2024-09-16 09:00:00,2024-09-16 10:59:45.077153
18.0,20,39.32913672094392,True,18.0,20.0,6.0,3.1809430792268643,2024-09-18 00:19:44.892195,2024-09-16 09:00:00,2024-09-16 12:10:51.395085
18.0,20,39.530795189220484,True,18.0,20.0,7.0,4.567141433576214,2024-09-18 00:31:50.862681,2024-09-16 09:00:00,2024-09-16 13:34:01.709161
18.0,20,39.727282276428355,True,18.0,20.0,8.0,6.148718473408113,2024-09-18 00:43:38.216195,2024-09-16 09:00:00,2024-09-16 15:08:55.386504
18.0,20,39.91374660797796,True,18.0,20.0,9.0,7.924623949797507,2024-09-18 00:54:49.487789,2024-09-16 09:00:00,2024-09-16 16:55:28.646219
18.0,20,40.086225570846686,True,18.0,20.0,10.0,9.896166474497463,2024-09-18 01:05:10.412055,2024-09-16 09:00:00,2024-09-16 18:53:46.199308
18.0,20,40.244577796203615,True,18.0,20.0,11.0,12.06530209193749,2024-09-18 01:14:40.480066,2024-09-16 09:00:00,2024-09-16 21:03:55.087531
18.0,20,40.39356804823036,True,18.0,20.0,12.0,14.434048270882329,2024-09-18 01:23:36.844974,2024-09-16 09:00:00,2024-09-16 23:26:02.573775
18.0,20,40.542084300227074,True,18.0,20.0,13.0,17.005201454903037,2024-09-18 01:32:31.503481,2024-09-16 09:00:00,2024-09-17 02:00:18.725238
18.0,20,40.70159755819234,True,18.0,20.0,14.0,19.78424596725867,2024-09-18 01:42:05.751209,2024-09-16 09:00:00,2024-09-17 04:47:03.285482
18.0,20,40.88588671517504,True,18.0,20.0,15.0,22.78233041808332,2024-09-18 01:53:09.192175,2024-09-16 09:00:00,2024-09-17 07:46:56.389505
18.0,20,41.11086968898745,True,18.0,20.0,16.0,26.02042729552695,2024-09-18 02:06:39.130880,2024-09-16 09:00:00,2024-09-17 11:01:13.538264
18.0,20,41.38931551573781,True,18.0,20.0,17.0,29.53472084141339,2024-09-18 02:23:21.535857,2024-09-16 09:00:00,2024-09-17 14:32:04.995029
18.0,20,41.72055779036702,True,18.0,20.0,18.0,33.38263841759109,2024-09-18 02:43:14.008045,2024-09-16 09:00:00,2024-09-17 18:22:57.498303
18.0,20,42.08557590491792,True,18.0,20.0,19.0,37.649054871715364,2024-09-18 03:05:08.073258,2024-09-16 09:00:00,2024-09-17 22:38:56.597538
18.0,30,103.55929980215483,True,18.0,20.0,0.0,0.0,2024-09-20 16:33:33.479288,2024-09-16 09:00:00,2024-09-16 09:00:00.000000
18.0,30,103.55929980215483,True,18.0,20.0,1.0,0.0,2024-09-20 16:33:33.479288,2024-09-16 09:00:00,2024-09-16 09:00:00.000000
18.0,30,103.55929980215483,True,18.0,20.0,2.0,0.0,2024-09-20 16:33:33.479288,2024-09-16 09:00:00,2024-09-16 09:00:00.000000
18.0,30,103.84743087139566,True,18.0,20.0,3.0,0.288131069240837,2024-09-20 16:50:50.751137,2024-09-16 09:00:00,2024-09-16 09:17:17.271849
18.0,30,104.58382823740659,True,18.0,20.0,4.0,1.0245284352517672,2024-09-20 17:35:01.781655,2024-09-16 09:00:00,2024-09-16 10:01:28.302367
18.0,30,104.80844413298527,True,18.0,20.0,5.0,1.9958547647664506,2024-09-20 17:48:30.398879,2024-09-16 09:00:00,2024-09-16 10:59:45.077153
18.0,30,105.01381211211333,True,18.0,20.0,6.0,3.1809430792268643,2024-09-20 18:00:49.723604,2024-09-16 09:00:00,2024-09-16 12:10:51.395085
18.0,30,105.21547058038989,True,18.0,20.0,7.0,4.567141433576214,2024-09-20 18:12:55.694089,2024-09-16 09:00:00,2024-09-16 13:34:01.709161
18.0,30,105.41195766759776,True,18.0,20.0,8.0,6.148718473408113,2024-09-20 18:24:43.047603,2024-09-16 09:00:00,2024-09-16 15:08:55.386504
18.0,30,105.59842199914738,True,18.0,20.0,9.0,7.924623949797507,2024-09-20 18:35:54.319197,2024-09-16 09:00:00,2024-09-16 16:55:28.646219
18.0,30,105.7709009620161,True,18.0,20.0,10.0,9.896166474497463,2024-09-20 18:46:15.243463,2024-09-16 09:00:00,2024-09-16 18:53:46.199308
18.0,30,105.92925318737304,True,18.0,20.0,11.0,12.06530209193749,2024-09-20 18:55:45.311475,2024-09-16 09:00:00,2024-09-16 21:03:55.087531
18.0,30,106.07824343939977,True,18.0,20.0,12.0,14.434048270882329,2024-09-20 19:04:41.676382,2024-09-16 09:00:00,2024-09-16 23:26:02.573775
18.0,30,106.2267596913965,True,18.0,20.0,13.0,17.005201454903037,2024-09-20 19:13:36.334889,2024-09-16 09:00:00,2024-09-17 02:00:18.725238
18.0,30,106.38627294936175,True,18.0,20.0,14.0,19.78424596725867,2024-09-20 19:23:10.582618,2024-09-16 09:00:00,2024-09-17 04:47:03.285482
18.0,30,106.57056210634445,True,18.0,20.0,15.0,22.78233041808332,2024-09-20 19:34:14.023583,2024-09-16 09:00:00,2024-09-17 07:46:56.389505
18.0,30,106.79554508015687,True,18.0,20.0,16.0,26.02042729552695,2024-09-20 19:47:43.962289,2024-09-16 09:00:00,2024-09-17 11:01:13.538264
18.0,30,107.07399090690723,True,18.0,20.0,17.0,29.53472084141339,2024-09-20 20:04:26.367265,2024-09-16 09:00:00,2024-09-17 14:32:04.995029
18.0,30,107.40523318153643,True,18.0,20.0,18.0,33.38263841759109,2024-09-20 20:24:18.839454,2024-09-16 09:00:00,2024-09-17 18:22:57.498303
18.0,30,107.77025129608732,True,18.0,20.0,19.0,37.649054871715364,2024-09-20 20:46:12.904666,2024-09-16 09:00:00,2024-09-17 22:38:56.597538
18.0,30,108.14008098556667,True,18.0,20.0,20.0,42.45540559439726,2024-09-20 21:08:24.291548,2024-09-16 09:00:00,2024-09-18 03:27:19.460140
18.0,30,108.51012704670077,True,18.0,20.0,21.0,47.990175796298715,2024-09-20 21:30:36.457368,2024-09-16 09:00:00,2024-09-18 08:59:24.632867
18.0,30,108.95785183453211,True,18.0,20.0,22.0,54.551912274762536,2024-09-20 21:57:28.266604,2024-09-16 09:00:00,2024-09-18 15:33:06.884189
18.0,30,109.38909182419519,True,18.0,20.0,23.0,62.28163418084479,2024-09-20 22:23:20.730567,2024-09-16 09:00:00,2024-09-18 23:16:53.883051
18.0,30,110.30567471659992,True,18.0,20.0,24.0,71.83174785884245,2024-09-20 23:18:20.428980,2024-09-16 09:00:00,2024-09-19 08:49:54.292292
18.0,30,113.59920716771269,True,18.0,20.0,25.0,84.57799373243066,2024-09-21 02:35:57.145804,2024-09-16 09:00:00,2024-09-19 21:34:40.777437
18.0,30,116.61066041180393,True,18.0,20.0,26.0,96.2700498177316,2024-09-21 05:36:38.377482,2024-09-16 09:00:00,2024-09-20 09:16:12.179344
18.0,30,115.82151339040924,True,18.0,20.0,27.0,102.07302776807022,2024-09-21 04:49:17.448205,2024-09-16 09:00:00,2024-09-20 15:04:22.899965
18.0,30,114.23625604883021,True,18.0,20.0,28.0,105.29135690259626,2024-09-21 03:14:10.521776,2024-09-16 09:00:00,2024-09-20 18:17:28.884849
18.0,30,112.63349332840126,True,18.0,20.0,29.0,107.87294772423077,2024-09-21 01:38:00.575982,2024-09-16 09:00:00,2024-09-20 20:52:22.611807
18.0,40,282.55327792723295,True,18.0,20.0,0.0,0.0,2024-09-28 03:33:11.800538,2024-09-16 09:00:00,2024-09-16 09:00:00.000000
18.0,40,282.55327792723295,True,18.0,20.0,1.0,0.0,2024-09-28 03:33:11.800538,2024-09-16 09:00:00,2024-09-16 09:00:00.000000
18.0,40,282.55327792723295,True,18.0,20.0,2.0,0.0,2024-09-28 03:33:11.800538,2024-09-16 09:00:00,2024-09-16 09:00:00.000000
18.0,40,282.8414089964738,True,18.0,20.0,3.0,0.288131069240837,2024-09-28 03:50:29.072387,2024-09-16 09:00:00,2024-09-16 09:17:17.271849
18.0,40,283.5778063624847,True,18.0,20.0,4.0,1.0245284352517672,2024-09-28 04:34:40.102905,2024-09-16 09:00:00,2024-09-16 10:01:28.302367
18.0,40,283.8024222580634,True,18.0,20.0,5.0,1.9958547647664506,2024-09-28 04:48:08.720129,2024-09-16 09:00:00,2024-09-16 10:59:45.077153
18.0,40,284.00779023719144,True,18.0,20.0,6.0,3.1809430792268643,2024-09-28 05:00:28.044854,2024-09-16 09:00:00,2024-09-16 12:10:51.395085
18.0,40,284.20944870546805,True,18.0,20.0,7.0,4.567141433576214,2024-09-28 05:12:34.015340,2024-09-16 09:00:00,2024-09-16 13:34:01.709161
18.0,40,284.4059357926759,True,18.0,20.0,8.0,6.148718473408113,2024-09-28 05:24:21.368854,2024-09-16 09:00:00,2024-09-16 15:08:55.386504
18.0,40,284.5924001242255,True,18.0,20.0,9.0,7.924623949797507,2024-09-28 05:35:32.640447,2024-09-16 09:00:00,2024-09-16 16:55:28.646219
18.0,40,284.76487908709424,True,18.0,20.0,10.0,9.896166474497463,2024-09-28 05:45:53.564714,2024-09-16 09:00:00,2024-09-16 18:53:46.199308
18.0,40,284.92323131245115,True,18.0,20.0,11.0,12.06530209193749,2024-09-28 05:55:23.632725,2024-09-16 09:00:00,2024-09-16 21:03:55.087531
18.0,40,285.0722215644779,True,18.0,20.0,12.0,14.434048270882329,2024-09-28 06:04:19.997632,2024-09-16 09:00:00,2024-09-16 23:26:02.573775
18.0,40,285.22073781647464,True,18.0,20.0,13.0,17.005201454903037,2024-09-28 06:13:14.656139,2024-09-16 09:00:00,2024-09-17 02:00:18.725238
18.0,40,285.3802510744399,True,18.0,20.0,14.0,19.78424596725867,2024-09-28 06:22:48.903868,2024-09-16 09:00:00,2024-09-17 04:47:03.285482
18.0,40,285.5645402314226,True,18.0,20.0,15.0,22.78233041808332,2024-09-28 06:33:52.344833,2024-09-16 09:00:00,2024-09-17 07:46:56.389505
18.0,40,285.78952320523496,True,18.0,20.0,16.0,26.02042729552695,2024-09-28 06:47:22.283539,2024-09-16 09:00:00,2024-09-17 11:01:13.538264
18.0,40,286.06796903198534,True,18.0,20.0,17.0,29.53472084141339,2024-09-28 07:04:04.688515,2024-09-16 09:00:00,2024-09-17 14:32:04.995029
18.0,40,286.3992113066146,True,18.0,20.0,18.0,33.38263841759109,2024-09-28 07:23:57.160704,2024-09-16 09:00:00,2024-09-17 18:22:57.498303
18.0,40,286.76422942116545,True,18.0,20.0,19.0,37.649054871715364,2024-09-28 07:45:51.225916,2024-09-16 09:00:00,2024-09-17 22:38:56.597538
18.0,40,287.1340591106448,True,18.0,20.0,20.0,42.45540559439726,2024-09-28 08:08:02.612798,2024-09-16 09:00:00,2024-09-18 03:27:19.460140
18.0,40,287.5041051717789,True,18.0,20.0,21.0,47.990175796298715,2024-09-28 08:30:14.778618,2024-09-16 09:00:00,2024-09-18 08:59:24.632867
18.0,40,287.9518299596102,True,18.0,20.0,22.0,54.551912274762536,2024-09-28 08:57:06.587855,2024-09-16 09:00:00,2024-09-18 15:33:06.884189
18.0,40,288.3830699492733,True,18.0,20.0,23.0,62.28163418084479,2024-09-28 09:22:59.051817,2024-09-16 09:00:00,2024-09-18 23:16:53.883051
18.0,40,289.29965284167804,True,18.0,20.0,24.0,71.83174785884245,2024-09-28 10:17:58.750230,2024-09-16 09:00:00,2024-09-19 08:49:54.292292
18.0,40,292.59318529279085,True,18.0,20.0,25.0,84.57799373243066,2024-09-28 13:35:35.467054,2024-09-16 09:00:00,2024-09-19 21:34:40.777437
18.0,40,295.6046385368821,True,18.0,20.0,26.0,96.2700498177316,2024-09-28 16:36:16.698733,2024-09-16 09:00:00,2024-09-20 09:16:12.179344
18.0,40,294.8154915154874,True,18.0,20.0,27.0,102.07302776807022,2024-09-28 15:48:55.769456,2024-09-16 09:00:00,2024-09-20 15:04:22.899965
18.0,40,293.23023417390834,True,18.0,20.0,28.0,105.29135690259626,2024-09-28 14:13:48.843026,2024-09-16 09:00:00,2024-09-20 18:17:28.884849
18.0,40,291.62747145347936,True,18.0,20.0,29.0,107.87294772423077,2024-09-28 12:37:38.897233,2024-09-16 09:00:00,2024-09-20 20:52:22.611807
18.0,40,289.98482342073936,True,18.0,20.0,30.0,110.99084529566125,2024-09-28 10:59:05.364315,2024-09-16 09:00:00,2024-09-20 23:59:27.043064
18.0,40,288.24775623608946,True,18.0,20.0,31.0,115.76405041278879,2024-09-28 09:14:51.922450,2024-09-16 09:00:00,2024-09-21 04:45:50.581486
18.0,40,286.8554255040053,True,18.0,20.0,32.0,123.8251431211036,2024-09-28 07:51:19.531814,2024-09-16 09:00:00,2024-09-21 12:49:30.515236
18.0,40,287.6835132908815,True,18.0,20.0,33.0,137.7864833021958,2024-09-28 08:41:00.647847,2024-09-16 09:00:00,2024-09-22 02:47:11.339888
18.0,40,288.6936008682936,True,18.0,20.0,34.0,155.35943949414428,2024-09-28 09:41:36.963126,2024-09-16 09:00:00,2024-09-22 20:21:33.982179
18.0,40,289.33445932062557,True,18.0,20.0,35.0,175.25592284155806,2024-09-28 10:20:04.053554,2024-09-16 09:00:00,2024-09-23 16:15:21.322230
18.0,40,289.60930484906055,True,18.0,20.0,36.0,196.77623478476397,2024-09-28 10:36:33.497457,2024-09-16 09:00:00,2024-09-24 13:46:34.445225
18.0,40,289.6137293983881,True,18.0,20.0,37.0,219.39112013738847,2024-09-28 10:36:49.425834,2024-09-16 09:00:00,2024-09-25 12:23:28.032495
18.0,40,289.5035164009523,True,18.0,20.0,38.0,242.65295719279973,2024-09-28 10:30:12.659043,2024-09-16 09:00:00,2024-09-26 11:39:10.645894
18.0,40,289.4689691501167,True,18.0,20.0,39.0,266.18066264341746,2024-09-28 10:28:08.288940,2024-09-16 09:00:00,2024-09-27 11:10:50.385516
20.0,10,9.896166474497463,True,20.0,18.0,0.0,0.0,2024-09-16 18:53:46.199308,2024-09-16 09:00:00,2024-09-16 09:00:00.000000
20.0,10,9.896166474497463,True,20.0,18.0,1.0,0.0,2024-09-16 18:53:46.199308,2024-09-16 09:00:00,2024-09-16 09:00:00.000000
20.0,10,9.896166474497463,True,20.0,18.0,2.0,0.0,2024-09-16 18:53:46.199308,2024-09-16 09:00:00,2024-09-16 09:00:00.000000
20.0,10,9.608035405256626,True,20.0,18.0,3.0,0.0,2024-09-16 18:36:28.927459,2024-09-16 09:00:00,2024-09-16 09:00:00.000000
20.0,10,8.871638039245695,True,20.0,18.0,4.0,0.0,2024-09-16 17:52:17.896941,2024-09-16 09:00:00,2024-09-16 09:00:00.000000
20.0,10,8.647022143667009,True,20.0,18.0,5.0,0.7467104339359967,2024-09-16 17:38:49.279717,2024-09-16 09:00:00,2024-09-16 09:44:48.157562
20.0,10,8.441654164538953,True,20.0,18.0,6.0,1.7264307692683545,2024-09-16 17:26:29.954992,2024-09-16 09:00:00,2024-09-16 10:43:35.150769
20.0,10,8.239995696262394,True,20.0,18.0,7.0,2.9109706553411456,2024-09-16 17:14:23.984507,2024-09-16 09:00:00,2024-09-16 11:54:39.494359
20.0,10,8.043508609054522,True,20.0,18.0,8.0,4.296060607965172,2024-09-16 17:02:36.630993,2024-09-16 09:00:00,2024-09-16 13:17:45.818189
20.0,10,7.857044277504913,True,20.0,18.0,9.0,5.885501752804958,2024-09-16 16:51:25.359399,2024-09-16 09:00:00,2024-09-16 14:53:07.806310
20.0,20,42.45540559439726,True,20.0,18.0,0.0,0.0,2024-09-18 03:27:19.460140,2024-09-16 09:00:00,2024-09-16 09:00:00.000000
20.0,20,42.45540559439726,True,20.0,18.0,1.0,0.0,2024-09-18 03:27:19.460140,2024-09-16 09:00:00,2024-09-16 09:00:00.000000
20.0,20,42.45540559439726,True,20.0,18.0,2.0,0.0,2024-09-18 03:27:19.460140,2024-09-16 09:00:00,2024-09-16 09:00:00.000000
20.0,20,42.16727452515643,True,20.0,18.0,3.0,0.0,2024-09-18 03:10:02.188291,2024-09-16 09:00:00,2024-09-16 09:00:00.000000
20.0,20,41.430877159145496,True,20.0,18.0,4.0,0.0,2024-09-18 02:25:51.157773,2024-09-16 09:00:00,2024-09-16 09:00:00.000000
20.0,20,41.20626126356681,True,20.0,18.0,5.0,0.7467104339359967,2024-09-18 02:12:22.540549,2024-09-16 09:00:00,2024-09-16 09:44:48.157562
20.0,20,41.00089328443875,True,20.0,18.0,6.0,1.7264307692683545,2024-09-18 02:00:03.215824,2024-09-16 09:00:00,2024-09-16 10:43:35.150769
20.0,20,40.7992348161622,True,20.0,18.0,7.0,2.9109706553411456,2024-09-18 01:47:57.245338,2024-09-16 09:00:00,2024-09-16 11:54:39.494359
20.0,20,40.60274772895433,True,20.0,18.0,8.0,4.296060607965172,2024-09-18 01:36:09.891824,2024-09-16 09:00:00,2024-09-16 13:17:45.818189
20.0,20,40.41628339740471,True,20.0,18.0,9.0,5.885501752804958,2024-09-18 01:24:58.620231,2024-09-16 09:00:00,2024-09-16 14:53:07.806310
20.0,20,40.24380443453599,True,20.0,18.0,10.0,7.684565314636188,2024-09-18 01:14:37.695964,2024-09-16 09:00:00,2024-09-16 16:41:04.435133
20.0,20,40.08545220917905,True,20.0,18.0,11.0,9.695348706719283,2024-09-18 01:05:07.627953,2024-09-16 09:00:00,2024-09-16 18:41:43.255344
20.0,20,39.93646195715232,True,20.0,18.0,12.0,11.915104633637384,2024-09-18 00:56:11.263046,2024-09-16 09:00:00,2024-09-16 20:54:54.376681
20.0,20,39.78794570515561,True,20.0,18.0,13.0,14.337741565661378,2024-09-18 00:47:16.604539,2024-09-16 09:00:00,2024-09-16 23:20:15.869636
20.0,20,39.628432447190335,True,20.0,18.0,14.0,16.95727282005174,2024-09-18 00:37:42.356810,2024-09-16 09:00:00,2024-09-17 01:57:26.182152
20.0,20,39.444143290207634,True,20.0,18.0,15.0,19.77106811389369,2024-09-18 00:26:38.915845,2024-09-16 09:00:00,2024-09-17 04:46:15.845210
20.0,20,39.219160316395225,True,20.0,18.0,16.0,22.784182017524913,2024-09-18 00:13:08.977139,2024-09-16 09:00:00,2024-09-17 07:47:03.055263
20.0,20,38.94071448964486,True,20.0,18.0,17.0,26.020029736660987,2024-09-17 23:56:26.572163,2024-09-16 09:00:00,2024-09-17 11:01:12.107052
20.0,20,38.60947221501566,True,20.0,18.0,18.0,29.536705038209483,2024-09-17 23:36:34.099974,2024-09-16 09:00:00,2024-09-17 14:32:12.138138
20.0,20,38.24445410046476,True,20.0,18.0,19.0,33.43810337778286,2024-09-17 23:14:40.034762,2024-09-16 09:00:00,2024-09-17 18:26:17.172160
20.0,30,110.99084529566125,True,20.0,18.0,0.0,0.0,2024-09-20 23:59:27.043064,2024-09-16 09:00:00,2024-09-16 09:00:00.000000
20.0,30,110.99084529566125,True,20.0,18.0,1.0,0.0,2024-09-20 23:59:27.043064,2024-09-16 09:00:00,2024-09-16 09:00:00.000000
20.0,30,110.99084529566125,True,20.0,18.0,2.0,0.0,2024-09-20 23:59:27.043064,2024-09-16 09:00:00,2024-09-16 09:00:00.000000
20.0,30,110.70271422642041,True,20.0,18.0,3.0,0.0,2024-09-20 23:42:09.771215,2024-09-16 09:00:00,2024-09-16 09:00:00.000000
20.0,30,109.96631686040948,True,20.0,18.0,4.0,0.0,2024-09-20 22:57:58.740697,2024-09-16 09:00:00,2024-09-16 09:00:00.000000
20.0,30,109.7417009648308,True,20.0,18.0,5.0,0.7467104339359967,2024-09-20 22:44:30.123473,2024-09-16 09:00:00,2024-09-16 09:44:48.157562
20.0,30,109.53633298570273,True,20.0,18.0,6.0,1.7264307692683545,2024-09-20 22:32:10.798749,2024-09-16 09:00:00,2024-09-16 10:43:35.150769
20.0,30,109.33467451742618,True,20.0,18.0,7.0,2.9109706553411456,2024-09-20 22:20:04.828263,2024-09-16 09:00:00,2024-09-16 11:54:39.494359
20.0,30,109.13818743021831,True,20.0,18.0,8.0,4.296060607965172,2024-09-20 22:08:17.474749,2024-09-16 09:00:00,2024-09-16 13:17:45.818189
20.0,30,108.9517230986687,True,20.0,18.0,9.0,5.885501752804958,2024-09-20 21:57:06.203155,2024-09-16 09:00:00,2024-09-16 14:53:07.806310
20.0,30,108.77924413579997,True,20.0,18.0,10.0,7.684565314636188,2024-09-20 21:46:45.278889,2024-09-16 09:00:00,2024-09-16 16:41:04.435133
20.0,30,108.62089191044304,True,20.0,18.0,11.0,9.695348706719283,2024-09-20 21:37:15.210878,2024-09-16 09:00:00,2024-09-16 18:41:43.255344
20.0,30,108.4719016584163,True,20.0,18.0,12.0,11.915104633637384,2024-09-20 21:28:18.845970,2024-09-16 09:00:00,2024-09-16 20:54:54.376681
20.0,30,108.32338540641958,True,20.0,18.0,13.0,14.337741565661378,2024-09-20 21:19:24.187463,2024-09-16 09:00:00,2024-09-16 23:20:15.869636
20.0,30,108.16387214845432,True,20.0,18.0,14.0,16.95727282005174,2024-09-20 21:09:49.939734,2024-09-16 09:00:00,2024-09-17 01:57:26.182152
20.0,30,107.97958299147162,True,20.0,18.0,15.0,19.77106811389369,2024-09-20 20:58:46.498769,2024-09-16 09:00:00,2024-09-17 04:46:15.845210
20.0,30,107.7546000176592,True,20.0,18.0,16.0,22.784182017524913,2024-09-20 20:45:16.560064,2024-09-16 09:00:00,2024-09-17 07:47:03.055263
20.0,30,107.47615419090884,True,20.0,18.0,17.0,26.020029736660987,2024-09-20 20:28:34.155087,2024-09-16 09:00:00,2024-09-17 11:01:12.107052
20.0,30,107.14491191627963,True,20.0,18.0,18.0,29.536705038209483,2024-09-20 20:08:41.682899,2024-09-16 09:00:00,2024-09-17 14:32:12.138138
20.0,30,106.77989380172875,True,20.0,18.0,19.0,33.43810337778286,2024-09-20 19:46:47.617686,2024-09-16 09:00:00,2024-09-17 18:26:17.172160
20.0,30,106.41006411224939,True,20.0,18.0,20.0,37.87462441098541,2024-09-20 19:24:36.230804,2024-09-16 09:00:00,2024-09-17 22:52:28.647880
20.0,30,106.04001805111531,True,20.0,18.0,21.0,43.039348551752774,2024-09-20 19:02:24.064984,2024-09-16 09:00:00,2024-09-18 04:02:21.654786
20.0,30,105.59229326328398,True,20.0,18.0,22.0,49.15336024238526,2024-09-20 18:35:32.255748,2024-09-16 09:00:00,2024-09-18 10:09:12.096873
20.0,30,105.16105327362088,True,20.0,18.0,23.0,56.451842158804425,2024-09-20 18:09:39.791785,2024-09-16 09:00:00,2024-09-18 17:27:06.631772
20.0,30,104.24447038121615,True,20.0,18.0,24.0,65.08537294439735,2024-09-20 17:14:40.093372,2024-09-16 09:00:00,2024-09-19 02:05:07.342600
20.0,30,100.95093793010338,True,20.0,18.0,25.0,74.53808636687279,2024-09-20 13:57:03.376548,2024-09-16 09:00:00,2024-09-19 11:32:17.110921
20.0,30,97.93948468601214,True,20.0,18.0,26.0,83.2186892080825,2024-09-20 10:56:22.144870,2024-09-16 09:00:00,2024-09-19 20:13:07.281149
20.0,30,98.72863170740683,True,20.0,18.0,27.0,89.81081417981581,2024-09-20 11:43:43.074147,2024-09-16 09:00:00,2024-09-20 02:48:38.931047
20.0,30,100.31388904898586,True,20.0,18.0,28.0,94.61440065592087,2024-09-20 13:18:50.000576,2024-09-16 09:00:00,2024-09-20 07:36:51.842361
20.0,30,101.91665176941481,True,20.0,18.0,29.0,98.79875419798434,2024-09-20 14:54:59.946370,2024-09-16 09:00:00,2024-09-20 11:47:55.515113
20.0,40,289.6735889670997,True,20.0,18.0,0.0,0.0,2024-09-28 10:40:24.920282,2024-09-16 09:00:00,2024-09-16 09:00:00.000000
20.0,40,289.6735889670997,True,20.0,18.0,1.0,0.0,2024-09-28 10:40:24.920282,2024-09-16 09:00:00,2024-09-16 09:00:00.000000
20.0,40,289.6735889670997,True,20.0,18.0,2.0,0.0,2024-09-28 10:40:24.920282,2024-09-16 09:00:00,2024-09-16 09:00:00.000000
20.0,40,289.3854578978589,True,20.0,18.0,3.0,0.0,2024-09-28 10:23:07.648432,2024-09-16 09:00:00,2024-09-16 09:00:00.000000
20.0,40,288.6490605318479,True,20.0,18.0,4.0,0.0,2024-09-28 09:38:56.617915,2024-09-16 09:00:00,2024-09-16 09:00:00.000000
20.0,40,288.42444463626924,True,20.0,18.0,5.0,0.7467104339359967,2024-09-28 09:25:28.000691,2024-09-16 09:00:00,2024-09-16 09:44:48.157562
20.0,40,288.2190766571412,True,20.0,18.0,6.0,1.7264307692683545,2024-09-28 09:13:08.675966,2024-09-16 09:00:00,2024-09-16 10:43:35.150769
20.0,40,288.0174181888646,True,20.0,18.0,7.0,2.9109706553411456,2024-09-28 09:01:02.705480,2024-09-16 09:00:00,2024-09-16 11:54:39.494359
20.0,40,287.82093110165675,True,20.0,18.0,8.0,4.296060607965172,2024-09-28 08:49:15.351966,2024-09-16 09:00:00,2024-09-16 13:17:45.818189
20.0,40,287.63446677010717,True,20.0,18.0,9.0,5.885501752804958,2024-09-28 08:38:04.080372,2024-09-16 09:00:00,2024-09-16 14:53:07.806310
20.0,40,287.4619878072384,True,20.0,18.0,10.0,7.684565314636188,2024-09-28 08:27:43.156106,2024-09-16 09:00:00,2024-09-16 16:41:04.435133
20.0,40,287.3036355818815,True,20.0,18.0,11.0,9.695348706719283,2024-09-28 08:18:13.088095,2024-09-16 09:00:00,2024-09-16 18:41:43.255344
20.0,40,287.15464532985476,True,20.0,18.0,12.0,11.915104633637384,2024-09-28 08:09:16.723187,2024-09-16 09:00:00,2024-09-16 20:54:54.376681
20.0,40,287.006129077858,True,20.0,18.0,13.0,14.337741565661378,2024-09-28 08:00:22.064680,2024-09-16 09:00:00,2024-09-16 23:20:15.869636
20.0,40,286.84661581989275,True,20.0,18.0,14.0,16.95727282005174,2024-09-28 07:50:47.816952,2024-09-16 09:00:00,2024-09-17 01:57:26.182152
20.0,40,286.66232666291006,True,20.0,18.0,15.0,19.77106811389369,2024-09-28 07:39:44.375986,2024-09-16 09:00:00,2024-09-17 04:46:15.845210
20.0,40,286.4373436890977,True,20.0,18.0,16.0,22.784182017524913,2024-09-28 07:26:14.437281,2024-09-16 09:00:00,2024-09-17 07:47:03.055263
20.0,40,286.1588978623473,True,20.0,18.0,17.0,26.020029736660987,2024-09-28 07:09:32.032304,2024-09-16 09:00:00,2024-09-17 11:01:12.107052
20.0,40,285.82765558771814,True,20.0,18.0,18.0,29.536705038209483,2024-09-28 06:49:39.560116,2024-09-16 09:00:00,2024-09-17 14:32:12.138138
20.0,40,285.4626374731672,True,20.0,18.0,19.0,33.43810337778286,2024-09-28 06:27:45.494903,2024-09-16 09:00:00,2024-09-17 18:26:17.172160
20.0,40,285.0928077836879,True,20.0,18.0,20.0,37.87462441098541,2024-09-28 06:05:34.108021,2024-09-16 09:00:00,2024-09-17 22:52:28.647880
20.0,40,284.72276172255374,True,20.0,18.0,21.0,43.039348551752774,2024-09-28 05:43:21.942201,2024-09-16 09:00:00,2024-09-18 04:02:21.654786
20.0,40,284.27503693472244,True,20.0,18.0,22.0,49.15336024238526,2024-09-28 05:16:30.132965,2024-09-16 09:00:00,2024-09-18 10:09:12.096873
20.0,40,283.84379694505935,True,20.0,18.0,23.0,56.451842158804425,2024-09-28 04:50:37.669002,2024-09-16 09:00:00,2024-09-18 17:27:06.631772
20.0,40,282.9272140526546,True,20.0,18.0,24.0,65.08537294439735,2024-09-28 03:55:37.970590,2024-09-16 09:00:00,2024-09-19 02:05:07.342600
20.0,40,279.63368160154187,True,20.0,18.0,25.0,74.53808636687279,2024-09-28 00:38:01.253766,2024-09-16 09:00:00,2024-09-19 11:32:17.110921
20.0,40,276.6222283574506,True,20.0,18.0,26.0,83.2186892080825,2024-09-27 21:37:20.022087,2024-09-16 09:00:00,2024-09-19 20:13:07.281149
20.0,40,277.41137537884526,True,20.0,18.0,27.0,89.81081417981581,2024-09-27 22:24:40.951364,2024-09-16 09:00:00,2024-09-20 02:48:38.931047
20.0,40,278.9966327204243,True,20.0,18.0,28.0,94.61440065592087,2024-09-27 23:59:47.877794,2024-09-16 09:00:00,2024-09-20 07:36:51.842361
20.0,40,280.5993954408533,True,20.0,18.0,29.0,98.79875419798434,2024-09-28 01:35:57.823587,2024-09-16 09:00:00,2024-09-20 11:47:55.515113
20.0,40,282.2420434735933,True,20.0,18.0,30.0,103.55929980215483,2024-09-28 03:14:31.356505,2024-09-16 09:00:00,2024-09-20 16:33:33.479288
20.0,40,283.9791106582432,True,20.0,18.0,31.0,110.06957210393227,2024-09-28 04:58:44.798370,2024-09-16 09:00:00,2024-09-20 23:04:10.459574
20.0,40,285.3714413903273,True,20.0,18.0,32.0,119.5229955443312,2024-09-28 06:22:17.189005,2024-09-16 09:00:00,2024-09-21 08:31:22.783960
20.0,40,284.54335360345124,True,20.0,18.0,33.0,132.6562479385473,2024-09-28 05:32:36.072972,2024-09-16 09:00:00,2024-09-21 21:39:22.492579
20.0,40,283.5332660260391,True,20.0,18.0,34.0,149.21911655308367,2024-09-28 04:31:59.757694,2024-09-16 09:00:00,2024-09-22 14:13:08.819591
20.0,40,282.89240757370715,True,20.0,18.0,35.0,168.47474144816547,2024-09-28 03:53:32.667265,2024-09-16 09:00:00,2024-09-23 09:28:29.069213
20.0,40,282.6175620452721,True,20.0,18.0,36.0,189.72020786293638,2024-09-28 03:37:03.223363,2024-09-16 09:00:00,2024-09-24 06:43:12.748307
20.0,40,282.61313749594456,True,20.0,18.0,37.0,212.33066866623332,2024-09-28 03:36:47.294985,2024-09-16 09:00:00,2024-09-25 05:19:50.407198
20.0,40,282.72335049338034,True,20.0,18.0,38.0,235.70271871908037,2024-09-28 03:43:24.061776,2024-09-16 09:00:00,2024-09-26 04:42:09.787389
20.0,40,282.75789774421594,True,20.0,18.0,39.0,259.2649714205337,2024-09-28 03:45:28.431879,2024-09-16 09:00:00,2024-09-27 04:15:53.897114
26.0,10,5.925451488105906,True,26.0,28.0,0.0,0.0,2024-09-16 14:55:31.625357,2024-09-16 09:00:00,2024-09-16 09:00:00.000000
26.0,10,5.981472788575708,True,26.0,28.0,1.0,0.13358358006353344,2024-09-16 14:58:53.302039,2024-09-16 09:00:00,2024-09-16 09:08:00.900888
26.0,10,6.071076969181733,True,26.0,28.0,2.0,0.5122271164408427,2024-09-16 15:04:15.877089,2024-09-16 09:00:00,2024-09-16 09:30:44.017619
26.0,10,6.2060224537003625,True,26.0,28.0,3.0,1.0811024876160957,2024-09-16 15:12:21.680833,2024-09-16 09:00:00,2024-09-16 10:04:51.968955
26.0,10,6.381014347088525,True,26.0,28.0,4.0,1.7622785016273714,2024-09-16 15:22:51.651650,2024-09-16 09:00:00,2024-09-16 10:45:44.202606
26.0,10,6.432430899624829,True,26.0,28.0,5.0,2.334824643271693,2024-09-16 15:25:56.751239,2024-09-16 09:00:00,2024-09-16 11:20:05.368716
26.0,10,6.476636994801677,True,26.0,28.0,6.0,2.913535517362787,2024-09-16 15:28:35.893181,2024-09-16 09:00:00,2024-09-16 11:54:48.727863
26.0,10,6.510644484077896,True,26.0,28.0,7.0,3.531403026684842,2024-09-16 15:30:38.320143,2024-09-16 09:00:00,2024-09-16 12:31:53.050896
26.0,10,6.28616692720142,True,26.0,28.0,8.0,4.033355009512004,2024-09-16 15:17:10.200938,2024-09-16 09:00:00,2024-09-16 13:02:00.078034
26.0,10,6.5660062845165665,True,26.0,28.0,9.0,5.2966773917274015,2024-09-16 15:33:57.622624,2024-09-16 09:00:00,2024-09-16 14:17:48.038610
26.0,20,28.600573109895578,True,26.0,28.0,0.0,0.0,2024-09-17 13:36:02.063196,2024-09-16 09:00:00,2024-09-16 09:00:00.000000
26.0,20,28.65659441036538,True,26.0,28.0,1.0,0.13358358006353344,2024-09-17 13:39:23.739877,2024-09-16 09:00:00,2024-09-16 09:08:00.900888
26.0,20,28.746198590971407,True,26.0,28.0,2.0,0.5122271164408427,2024-09-17 13:44:46.314927,2024-09-16 09:00:00,2024-09-16 09:30:44.017619
26.0,20,28.881144075490035,True,26.0,28.0,3.0,1.0811024876160957,2024-09-17 13:52:52.118672,2024-09-16 09:00:00,2024-09-16 10:04:51.968955
26.0,20,29.056135968878195,True,26.0,28.0,4.0,1.7622785016273714,2024-09-17 14:03:22.089488,2024-09-16 09:00:00,2024-09-16 10:45:44.202606
26.0,20,29.107552521414505,True,26.0,28.0,5.0,2.334824643271693,2024-09-17 14:06:27.189077,2024-09-16 09:00:00,2024-09-16 11:20:05.368716
26.0,20,29.15175861659135,True,26.0,28.0,6.0,2.913535517362787,2024-09-17 14:09:06.331020,2024-09-16 09:00:00,2024-09-16 11:54:48.727863
26.0,20,29.185766105867568,True,26.0,28.0,7.0,3.531403026684842,2024-09-17 14:11:08.757981,2024-09-16 09:00:00,2024-09-16 12:31:53.050896
26.0,20,28.961288548991092,True,26.0,28.0,8.0,4.033355009512004,2024-09-17 13:57:40.638776,2024-09-16 09:00:00,2024-09-16 13:02:00.078034
26.0,20,29.24112790630624,True,26.0,28.0,9.0,5.2966773917274015,2024-09-17 14:14:28.060463,2024-09-16 09:00:00,2024-09-16 14:17:48.038610
26.0,20,29.13590698827593,True,26.0,28.0,10.0,6.46078536648626,2024-09-17 14:08:09.265158,2024-09-16 09:00:00,2024-09-16 15:27:38.827319
26.0,20,29.367551228072323,True,26.0,28.0,11.0,8.286593109090555,2024-09-17 14:22:03.184421,2024-09-16 09:00:00,2024-09-16 17:17:11.735193
26.0,20,29.42011470199005,True,26.0,28.0,12.0,10.25960597437187,2024-09-17 14:25:12.412927,2024-09-16 09:00:00,2024-09-16 19:15:34.581508
26.0,20,30.116173191111187,True,26.0,28.0,13.0,13.10577846334624,2024-09-17 15:06:58.223488,2024-09-16 09:00:00,2024-09-16 22:06:20.802468
26.0,20,29.698168120290404,True,26.0,28.0,14.0,14.948304910896873,2024-09-17 14:41:53.405233,2024-09-16 09:00:00,2024-09-16 23:56:53.897679
26.0,20,29.74255757199897,True,26.0,28.0,15.0,17.507005440871744,2024-09-17 14:44:33.207259,2024-09-16 09:00:00,2024-09-17 02:30:25.219587
26.0,20,30.276837694362975,True,26.0,28.0,16.0,20.863920810085162,2024-09-17 15:16:36.615700,2024-09-16 09:00:00,2024-09-17 05:51:50.114916
26.0,20,31.987605495437748,True,26.0,28.0,17.0,25.265772136385984,2024-09-17 16:59:15.379784,2024-09-16 09:00:00,2024-09-17 10:15:56.779691
26.0,20,30.555800584821146,True,26.0,28.0,18.0,25.959047947073508,2024-09-17 15:33:20.882105,2024-09-16 09:00:00,2024-09-17 10:57:32.572609
26.0,20,29.768618829410514,True,26.0,28.0,19.0,27.25203623255541,2024-09-17 14:46:07.027786,2024-09-16 09:00:00,2024-09-17 12:15:07.330437
26.0,30,71.1355582662694,True,26.0,28.0,0.0,0.0,2024-09-19 08:08:08.009759,2024-09-16 09:00:00,2024-09-16 09:00:00.000000
26.0,30,71.1915795667392,True,26.0,28.0,1.0,0.13358358006353344,2024-09-19 08:11:29.686440,2024-09-16 09:00:00,2024-09-16 09:08:00.900888
26.0,30,71.28118374734522,True,26.0,28.0,2.0,0.5122271164408427,2024-09-19 08:16:52.261490,2024-09-16 09:00:00,2024-09-16 09:30:44.017619
26.0,30,71.41612923186385,True,26.0,28.0,3.0,1.0811024876160957,2024-09-19 08:24:58.065235,2024-09-16 09:00:00,2024-09-16 10:04:51.968955
26.0,30,71.59112112525203,True,26.0,28.0,4.0,1.7622785016273714,2024-09-19 08:35:28.036051,2024-09-16 09:00:00,2024-09-16 10:45:44.202606
26.0,30,71.64253767778831,True,26.0,28.0,5.0,2.334824643271693,2024-09-19 08:38:33.135640,2024-09-16 09:00:00,2024-09-16 11:20:05.368716
26.0,30,71.68674377296517,True,26.0,28.0,6.0,2.913535517362787,2024-09-19 08:41:12.277583,2024-09-16 09:00:00,2024-09-16 11:54:48.727863
26.0,30,71.7207512622414,True,26.0,28.0,7.0,3.531403026684842,2024-09-19 08:43:14.704544,2024-09-16 09:00:00,2024-09-16 12:31:53.050896
26.0,30,71.49627370536491,True,26.0,28.0,8.0,4.033355009512004,2024-09-19 08:29:46.585339,2024-09-16 09:00:00,2024-09-16 13:02:00.078034
26.0,30,71.77611306268005,True,26.0,28.0,9.0,5.2966773917274015,2024-09-19 08:46:34.007026,2024-09-16 09:00:00,2024-09-16 14:17:48.038610
26.0,30,71.67089214464976,True,26.0,28.0,10.0,6.46078536648626,2024-09-19 08:40:15.211721,2024-09-16 09:00:00,2024-09-16 15:27:38.827319
26.0,30,71.90253638444615,True,26.0,28.0,11.0,8.286593109090555,2024-09-19 08:54:09.130984,2024-09-16 09:00:00,2024-09-16 17:17:11.735193
26.0,30,71.95509985836387,True,26.0,28.0,12.0,10.25960597437187,2024-09-19 08:57:18.359490,2024-09-16 09:00:00,2024-09-16 19:15:34.581508
26.0,30,72.65115834748501,True,26.0,28.0,13.0,13.10577846334624,2024-09-19 09:39:04.170051,2024-09-16 09:00:00,2024-09-16 22:06:20.802468
26.0,30,72.23315327666423,True,26.0,28.0,14.0,14.948304910896873,2024-09-19 09:13:59.351796,2024-09-16 09:00:00,2024-09-16 23:56:53.897679
26.0,30,72.2775427283728,True,26.0,28.0,15.0,17.507005440871744,2024-09-19 09:16:39.153822,2024-09-16 09:00:00,2024-09-17 02:30:25.219587
26.0,30,72.8118228507368,True,26.0,28.0,16.0,20.863920810085162,2024-09-19 09:48:42.562263,2024-09-16 09:00:00,2024-09-17 05:51:50.114916
26.0,30,74.52259065181157,True,26.0,28.0,17.0,25.265772136385984,2024-09-19 11:31:21.326347,2024-09-16 09:00:00,2024-09-17 10:15:56.779691
26.0,30,73.09078574119496,True,26.0,28.0,18.0,25.959047947073508,2024-09-19 10:05:26.828668,2024-09-16 09:00:00,2024-09-17 10:57:32.572609
26.0,30,72.30360398578433,True,26.0,28.0,19.0,27.25203623255541,2024-09-19 09:18:12.974349,2024-09-16 09:00:00,2024-09-17 12:15:07.330437
26.0,30,74.34489663392087,True,26.0,28.0,20.0,31.809911477547047,2024-09-19 11:20:41.627882,2024-09-16 09:00:00,2024-09-17 16:48:35.681319
26.0,30,73.59284072888707,True,26.0,28.0,21.0,33.74777593969114,2024-09-19 10:35:34.226624,2024-09-16 09:00:00,2024-09-17 18:44:51.993383
26.0,30,75.159519124038,True,26.0,28.0,22.0,38.144145542937295,2024-09-19 12:09:34.268847,2024-09-16 09:00:00,2024-09-17 23:08:38.923955
26.0,30,75.26595325449915,True,26.0,28.0,23.0,41.092351635372474,2024-09-19 12:15:57.431716,2024-09-16 09:00:00,2024-09-18 02:05:32.465887
26.0,30,74.7312457422964,True,26.0,28.0,24.0,43.66750325308561,2024-09-19 11:43:52.484672,2024-09-16 09:00:00,2024-09-18 04:40:03.011711
26.0,30,77.75959934060944,True,26.0,28.0,25.0,50.31231999640315,2024-09-19 14:45:34.557626,2024-09-16 09:00:00,2024-09-18 11:18:44.351987
26.0,30,77.62536491793915,True,26.0,28.0,26.0,53.89855757417472,2024-09-19 14:37:31.313705,2024-09-16 09:00:00,2024-09-18 14:53:54.807267
26.0,30,77.70483383139947,True,26.0,28.0,27.0,58.10967043966076,2024-09-19 14:42:17.401793,2024-09-16 09:00:00,2024-09-18 19:06:34.813583
26.0,30,77.76061917487553,True,26.0,28.0,28.0,63.54809980294489,2024-09-19 14:45:38.229030,2024-09-16 09:00:00,2024-09-19 00:32:53.159291
26.0,30,82.12062998661676,True,26.0,28.0,29.0,74.65792373121776,2024-09-19 19:07:14.267952,2024-09-16 09:00:00,2024-09-19 11:39:28.525432
26.0,40,192.68345064690354,True,26.0,28.0,0.0,0.0,2024-09-24 09:41:00.422329,2024-09-16 09:00:00,2024-09-16 09:00:00.000000
26.0,40,192.73947194737335,True,26.0,28.0,1.0,0.13358358006353344,2024-09-24 09:44:22.099011,2024-09-16 09:00:00,2024-09-16 09:08:00.900888
26.0,40,192.82907612797936,True,26.0,28.0,2.0,0.5122271164408427,2024-09-24 09:49:44.674061,2024-09-16 09:00:00,2024-09-16 09:30:44.017619
26.0,40,192.96402161249802,True,26.0,28.0,3.0,1.0811024876160957,2024-09-24 09:57:50.477805,2024-09-16 09:00:00,2024-09-16 10:04:51.968955
26.0,40,193.13901350588617,True,26.0,28.0,4.0,1.7622785016273714,2024-09-24 10:08:20.448621,2024-09-16 09:00:00,2024-09-16 10:45:44.202606
26.0,40,193.19043005842246,True,26.0,28.0,5.0,2.334824643271693,2024-09-24 10:11:25.548210,2024-09-16 09:00:00,2024-09-16 11:20:05.368716
26.0,40,193.2346361535993,True,26.0,28.0,6.0,2.913535517362787,2024-09-24 10:14:04.690153,2024-09-16 09:00:00,2024-09-16 11:54:48.727863
26.0,40,193.26864364287553,True,26.0,28.0,7.0,3.531403026684842,2024-09-24 10:16:07.117114,2024-09-16 09:00:00,2024-09-16 12:31:53.050896
26.0,40,193.04416608599905,True,26.0,28.0,8.0,4.033355009512004,2024-09-24 10:02:38.997910,2024-09-16 09:00:00,2024-09-16 13:02:00.078034
26.0,40,193.3240054433142,True,26.0,28.0,9.0,5.2966773917274015,2024-09-24 10:19:26.419596,2024-09-16 09:00:00,2024-09-16 14:17:48.038610
26.0,40,193.2187845252839,True,26.0,28.0,10.0,6.46078536648626,2024-09-24 10:13:07.624291,2024-09-16 09:00:00,2024-09-16 15:27:38.827319
26.0,40,193.45042876508026,True,26.0,28.0,11.0,8.286593109090555,2024-09-24 10:27:01.543554,2024-09-16 09:00:00,2024-09-16 17:17:11.735193
26.0,40,193.50299223899802,True,26.0,28.0,12.0,10.25960597437187,2024-09-24 10:30:10.772060,2024-09-16 09:00:00,2024-09-16 19:15:34.581508
26.0,40,194.19905072811915,True,26.0,28.0,13.0,13.10577846334624,2024-09-24 11:11:56.582621,2024-09-16 09:00:00,2024-09-16 22:06:20.802468
26.0,40,193.78104565729836,True,26.0,28.0,14.0,14.948304910896873,2024-09-24 10:46:51.764366,2024-09-16 09:00:00,2024-09-16 23:56:53.897679
26.0,40,193.82543510900695,True,26.0,28.0,15.0,17.507005440871744,2024-09-24 10:49:31.566392,2024-09-16 09:00:00,2024-09-17 02:30:25.219587
26.0,40,194.35971523137096,True,26.0,28.0,16.0,20.863920810085162,2024-09-24 11:21:34.974833,2024-09-16 09:00:00,2024-09-17 05:51:50.114916
26.0,40,196.0704830324457,True,26.0,28.0,17.0,25.265772136385984,2024-09-24 13:04:13.738917,2024-09-16 09:00:00,2024-09-17 10:15:56.779691
26.0,40,194.63867812182912,True,26.0,28.0,18.0,25.959047947073508,2024-09-24 11:38:19.241239,2024-09-16 09:00:00,2024-09-17 10:57:32.572609
26.0,40,193.85149636641847,True,26.0,28.0,19.0,27.25203623255541,2024-09-24 10:51:05.386919,2024-09-16 09:00:00,2024-09-17 12:15:07.330437
26.0,40,195.892789014555,True,26.0,28.0,20.0,31.809911477547047,2024-09-24 12:53:34.040452,2024-09-16 09:00:00,2024-09-17 16:48:35.681319
26.0,40,195.1407331095212,True,26.0,28.0,21.0,33.74777593969114,2024-09-24 12:08:26.639194,2024-09-16 09:00:00,2024-09-17 18:44:51.993383
26.0,40,196.7074115046721,True,26.0,28.0,22.0,38.144145542937295,2024-09-24 13:42:26.681417,2024-09-16 09:00:00,2024-09-17 23:08:38.923955
26.0,40,196.81384563513328,True,26.0,28.0,23.0,41.092351635372474,2024-09-24 13:48:49.844286,2024-09-16 09:00:00,2024-09-18 02:05:32.465887
26.0,40,196.27913812293053,True,26.0,28.0,24.0,43.66750325308561,2024-09-24 13:16:44.897243,2024-09-16 09:00:00,2024-09-18 04:40:03.011711
26.0,40,199.30749172124357,True,26.0,28.0,25.0,50.31231999640315,2024-09-24 16:18:26.970196,2024-09-16 09:00:00,2024-09-18 11:18:44.351987
26.0,40,199.17325729857328,True,26.0,28.0,26.0,53.89855757417472,2024-09-24 16:10:23.726275,2024-09-16 09:00:00,2024-09-18 14:53:54.807267
26.0,40,199.25272621203362,True,26.0,28.0,27.0,58.10967043966076,2024-09-24 16:15:09.814363,2024-09-16 09:00:00,2024-09-18 19:06:34.813583
26.0,40,199.30851155550965,True,26.0,28.0,28.0,63.54809980294489,2024-09-24 16:18:30.641600,2024-09-16 09:00:00,2024-09-19 00:32:53.159291
26.0,40,203.6685223672509,True,26.0,28.0,29.0,74.65792373121776,2024-09-24 20:40:06.680522,2024-09-16 09:00:00,2024-09-19 11:39:28.525432
26.0,40,202.7081989657005,True,26.0,28.0,30.0,81.16030658506637,2024-09-24 19:42:29.516277,2024-09-16 09:00:00,2024-09-19 18:09:37.103706
26.0,40,209.74232463976477,True,26.0,28.0,31.0,95.77085094853544,2024-09-25 02:44:32.368703,2024-09-16 09:00:00,2024-09-20 08:46:15.063415
26.0,40,208.53796179872487,True,26.0,28.0,32.0,101.08824133860436,2024-09-25 01:32:16.662475,2024-09-16 09:00:00,2024-09-20 14:05:17.668819
26.0,40,206.18970122659437,True,26.0,28.0,33.0,105.46271466504543,2024-09-24 23:11:22.924416,2024-09-16 09:00:00,2024-09-20 18:27:45.772794
26.0,40,212.59423913477767,True,26.0,28.0,34.0,120.70645474596375,2024-09-25 05:35:39.260885,2024-09-16 09:00:00,2024-09-21 09:42:23.237085
26.0,40,220.99444922279673,True,26.0,28.0,35.0,138.8024908145712,2024-09-25 13:59:40.017202,2024-09-16 09:00:00,2024-09-22 03:48:08.966932
26.0,40,214.10556941194827,True,26.0,28.0,36.0,142.1084821529565,2024-09-25 07:06:20.049883,2024-09-16 09:00:00,2024-09-22 07:06:30.535751
26.0,40,227.68255649559597,True,26.0,28.0,37.0,168.94992606027017,2024-09-25 20:40:57.203384,2024-09-16 09:00:00,2024-09-23 09:56:59.733817
26.0,40,235.07286181727727,True,26.0,28.0,38.0,191.89178487925824,2024-09-26 04:04:22.302542,2024-09-16 09:00:00,2024-09-24 08:53:30.425565
26.0,40,241.23832417281383,True,26.0,28.0,39.0,216.09745246601767,2024-09-26 10:14:17.967022,2024-09-16 09:00:00,2024-09-25 09:05:50.828878
28.0,10,6.46078536648626,True,28.0,26.0,0.0,0.0,2024-09-16 15:27:38.827319,2024-09-16 09:00:00,2024-09-16 09:00:00.000000
28.0,10,6.404764066016457,True,28.0,26.0,1.0,0.07756227959373074,2024-09-16 15:24:17.150638,2024-09-16 09:00:00,2024-09-16 09:04:39.224207
28.0,10,6.3151598854104325,True,28.0,26.0,2.0,0.3666016353650159,2024-09-16 15:18:54.575587,2024-09-16 09:00:00,2024-09-16 09:21:59.765887
28.0,10,6.180214400891803,True,28.0,26.0,3.0,0.8005315220216386,2024-09-16 15:10:48.771843,2024-09-16 09:00:00,2024-09-16 09:48:01.913479
28.0,10,6.005222507503641,True,28.0,26.0,4.0,1.3067156426447524,2024-09-16 15:00:18.801027,2024-09-16 09:00:00,2024-09-16 10:18:24.176314
28.0,10,5.953805954967336,True,28.0,26.0,5.0,1.8278452317527698,2024-09-16 14:57:13.701438,2024-09-16 09:00:00,2024-09-16 10:49:40.242834
28.0,10,5.909599859790489,True,28.0,26.0,6.0,2.362350010667016,2024-09-16 14:54:34.559495,2024-09-16 09:00:00,2024-09-16 11:21:44.460038
28.0,10,5.875592370514269,True,28.0,26.0,7.0,2.9462100307128516,2024-09-16 14:52:32.132534,2024-09-16 09:00:00,2024-09-16 11:56:46.356111
28.0,10,6.100069927390745,True,28.0,26.0,8.0,3.6726395704164894,2024-09-16 15:06:00.251739,2024-09-16 09:00:00,2024-09-16 12:40:21.502453
28.0,10,5.820230570075599,True,28.0,26.0,9.0,4.656122595316741,2024-09-16 14:49:12.830052,2024-09-16 09:00:00,2024-09-16 13:39:22.041343
28.0,20,31.809911477547047,True,28.0,26.0,0.0,0.0,2024-09-17 16:48:35.681319,2024-09-16 09:00:00,2024-09-16 09:00:00.000000
28.0,20,31.753890177077245,True,28.0,26.0,1.0,0.07756227959373074,2024-09-17 16:45:14.004637,2024-09-16 09:00:00,2024-09-16 09:04:39.224207
28.0,20,31.664285996471218,True,28.0,26.0,2.0,0.3666016353650159,2024-09-17 16:39:51.429587,2024-09-16 09:00:00,2024-09-16 09:21:59.765887
28.0,20,31.52934051195259,True,28.0,26.0,3.0,0.8005315220216386,2024-09-17 16:31:45.625843,2024-09-16 09:00:00,2024-09-16 09:48:01.913479
28.0,20,31.35434861856443,True,28.0,26.0,4.0,1.3067156426447524,2024-09-17 16:21:15.655027,2024-09-16 09:00:00,2024-09-16 10:18:24.176314
28.0,20,31.30293206602812,True,28.0,26.0,5.0,1.8278452317527698,2024-09-17 16:18:10.555438,2024-09-16 09:00:00,2024-09-16 10:49:40.242834
28.0,20,31.258725970851273,True,28.0,26.0,6.0,2.362350010667016,2024-09-17 16:15:31.413495,2024-09-16 09:00:00,2024-09-16 11:21:44.460038
28.0,20,31.224718481575056,True,28.0,26.0,7.0,2.9462100307128516,2024-09-17 16:13:28.986534,2024-09-16 09:00:00,2024-09-16 11:56:46.356111
28.0,20,31.449196038451532,True,28.0,26.0,8.0,3.6726395704164894,2024-09-17 16:26:57.105738,2024-09-16 09:00:00,2024-09-16 12:40:21.502453
28.0,20,31.16935668113639,True,28.0,26.0,9.0,4.656122595316741,2024-09-17 16:10:09.684052,2024-09-16 09:00:00,2024-09-16 13:39:22.041343
28.0,20,31.274577599166694,True,28.0,26.0,10.0,5.925451488105906,2024-09-17 16:16:28.479357,2024-09-16 09:00:00,2024-09-16 14:55:31.625357
28.0,20,31.042933359370306,True,28.0,26.0,11.0,7.519614990913812,2024-09-17 16:02:34.560094,2024-09-16 09:00:00,2024-09-16 16:31:10.613967
28.0,20,30.990369885452573,True,28.0,26.0,12.0,9.440064382277397,2024-09-17 15:59:25.331588,2024-09-16 09:00:00,2024-09-16 18:26:24.231776
28.0,20,30.294311396331437,True,28.0,26.0,13.0,11.590178382130633,2024-09-17 15:17:39.521027,2024-09-16 09:00:00,2024-09-16 20:35:24.642176
28.0,20,30.71231646715222,True,28.0,26.0,14.0,13.850709900502048,2024-09-17 15:42:44.339282,2024-09-16 09:00:00,2024-09-16 22:51:02.555642
28.0,20,30.667927015443656,True,28.0,26.0,15.0,16.365020978768353,2024-09-17 15:40:04.537256,2024-09-16 09:00:00,2024-09-17 01:21:54.075524
28.0,20,30.13364689307965,True,28.0,26.0,16.0,19.187656225617765,2024-09-17 15:08:01.128815,2024-09-16 09:00:00,2024-09-17 04:11:15.562412
28.0,20,28.422879092004877,True,28.0,26.0,17.0,21.878739750843813,2024-09-17 13:25:22.364731,2024-09-16 09:00:00,2024-09-17 06:52:43.463103
28.0,20,29.85468400262148,True,28.0,26.0,18.0,24.00382047214794,2024-09-17 14:51:16.862409,2024-09-16 09:00:00,2024-09-17 09:00:13.753700
28.0,20,30.64186575803211,True,28.0,26.0,19.0,26.083990513040476,2024-09-17 15:38:30.716729,2024-09-16 09:00:00,2024-09-17 11:05:02.365847
28.0,30,81.16030658506637,True,28.0,26.0,0.0,0.0,2024-09-19 18:09:37.103706,2024-09-16 09:00:00,2024-09-16 09:00:00.000000
28.0,30,81.10428528459657,True,28.0,26.0,1.0,0.07756227959373074,2024-09-19 18:06:15.427025,2024-09-16 09:00:00,2024-09-16 09:04:39.224207
28.0,30,81.01468110399054,True,28.0,26.0,2.0,0.3666016353650159,2024-09-19 18:00:52.851974,2024-09-16 09:00:00,2024-09-16 09:21:59.765887
28.0,30,80.87973561947192,True,28.0,26.0,3.0,0.8005315220216386,2024-09-19 17:52:47.048230,2024-09-16 09:00:00,2024-09-16 09:48:01.913479
28.0,30,80.70474372608373,True,28.0,26.0,4.0,1.3067156426447524,2024-09-19 17:42:17.077414,2024-09-16 09:00:00,2024-09-16 10:18:24.176314
28.0,30,80.65332717354745,True,28.0,26.0,5.0,1.8278452317527698,2024-09-19 17:39:11.977825,2024-09-16 09:00:00,2024-09-16 10:49:40.242834
28.0,30,80.60912107837059,True,28.0,26.0,6.0,2.362350010667016,2024-09-19 17:36:32.835882,2024-09-16 09:00:00,2024-09-16 11:21:44.460038
28.0,30,80.57511358909437,True,28.0,26.0,7.0,2.9462100307128516,2024-09-19 17:34:30.408921,2024-09-16 09:00:00,2024-09-16 11:56:46.356111
28.0,30,80.79959114597085,True,28.0,26.0,8.0,3.6726395704164894,2024-09-19 17:47:58.528125,2024-09-16 09:00:00,2024-09-16 12:40:21.502453
28.0,30,80.51975178865571,True,28.0,26.0,9.0,4.656122595316741,2024-09-19 17:31:11.106439,2024-09-16 09:00:00,2024-09-16 13:39:22.041343
28.0,30,80.62497270668601,True,28.0,26.0,10.0,5.925451488105906,2024-09-19 17:37:29.901744,2024-09-16 09:00:00,2024-09-16 14:55:31.625357
28.0,30,80.39332846688961,True,28.0,26.0,11.0,7.519614990913812,2024-09-19 17:23:35.982481,2024-09-16 09:00:00,2024-09-16 16:31:10.613967
28.0,30,80.3407649929719,True,28.0,26.0,12.0,9.440064382277397,2024-09-19 17:20:26.753975,2024-09-16 09:00:00,2024-09-16 18:26:24.231776
28.0,30,79.64470650385076,True,28.0,26.0,13.0,11.590178382130633,2024-09-19 16:38:40.943414,2024-09-16 09:00:00,2024-09-16 20:35:24.642176
28.0,30,80.06271157467155,True,28.0,26.0,14.0,13.850709900502048,2024-09-19 17:03:45.761669,2024-09-16 09:00:00,2024-09-16 22:51:02.555642
28.0,30,80.01832212296297,True,28.0,26.0,15.0,16.365020978768353,2024-09-19 17:01:05.959643,2024-09-16 09:00:00,2024-09-17 01:21:54.075524
28.0,30,79.48404200059898,True,28.0,26.0,16.0,19.187656225617765,2024-09-19 16:29:02.551202,2024-09-16 09:00:00,2024-09-17 04:11:15.562412
28.0,30,77.7732741995242,True,28.0,26.0,17.0,21.878739750843813,2024-09-19 14:46:23.787118,2024-09-16 09:00:00,2024-09-17 06:52:43.463103
28.0,30,79.2050791101408,True,28.0,26.0,18.0,24.00382047214794,2024-09-19 16:12:18.284797,2024-09-16 09:00:00,2024-09-17 09:00:13.753700
28.0,30,79.99226086555143,True,28.0,26.0,19.0,26.083990513040476,2024-09-19 16:59:32.139116,2024-09-16 09:00:00,2024-09-17 11:05:02.365847
28.0,30,77.9509682174149,True,28.0,26.0,20.0,28.600573109895578,2024-09-19 14:57:03.485583,2024-09-16 09:00:00,2024-09-17 13:36:02.063196
28.0,30,78.70302412244871,True,28.0,26.0,21.0,31.290493477073476,2024-09-19 15:42:10.886841,2024-09-16 09:00:00,2024-09-17 16:17:25.776517
28.0,30,77.13634572729777,True,28.0,26.0,22.0,34.120184685168695,2024-09-19 14:08:10.844618,2024-09-16 09:00:00,2024-09-17 19:07:12.664867
28.0,30,77.02991159683663,True,28.0,26.0,23.0,36.96195664714273,2024-09-19 14:01:47.681749,2024-09-16 09:00:00,2024-09-17 21:57:43.043930
28.0,30,77.56461910903937,True,28.0,26.0,24.0,40.07181577705862,2024-09-19 14:33:52.628793,2024-09-16 09:00:00,2024-09-18 01:04:18.536797
28.0,30,74.53626551072632,True,28.0,26.0,25.0,43.688278922063105,2024-09-19 11:32:10.555839,2024-09-16 09:00:00,2024-09-18 04:41:17.804119
28.0,30,74.67049993339661,True,28.0,26.0,26.0,47.408750922504964,2024-09-19 11:40:13.799760,2024-09-16 09:00:00,2024-09-18 08:24:31.503321
28.0,30,74.5910310199363,True,28.0,26.0,27.0,51.54039487453069,2024-09-19 11:35:27.711672,2024-09-16 09:00:00,2024-09-18 12:32:25.421548
28.0,30,74.53524567646024,True,28.0,26.0,28.0,56.92303889433876,2024-09-19 11:32:06.884435,2024-09-16 09:00:00,2024-09-18 17:55:22.940020
28.0,30,70.175234864719,True,28.0,26.0,29.0,63.6728520108704,2024-09-19 07:10:30.845513,2024-09-16 09:00:00,2024-09-19 00:40:22.267239
28.0,40,240.33702821377182,True,28.0,26.0,0.0,0.0,2024-09-26 09:20:13.301570,2024-09-16 09:00:00,2024-09-16 09:00:00.000000
28.0,40,240.281006913302,True,28.0,26.0,1.0,0.07756227959373074,2024-09-26 09:16:51.624888,2024-09-16 09:00:00,2024-09-16 09:04:39.224207
28.0,40,240.191402732696,True,28.0,26.0,2.0,0.3666016353650159,2024-09-26 09:11:29.049838,2024-09-16 09:00:00,2024-09-16 09:21:59.765887
28.0,40,240.05645724817734,True,28.0,26.0,3.0,0.8005315220216386,2024-09-26 09:03:23.246093,2024-09-16 09:00:00,2024-09-16 09:48:01.913479
28.0,40,239.88146535478919,True,28.0,26.0,4.0,1.3067156426447524,2024-09-26 08:52:53.275277,2024-09-16 09:00:00,2024-09-16 10:18:24.176314
28.0,40,239.8300488022529,True,28.0,26.0,5.0,1.8278452317527698,2024-09-26 08:49:48.175688,2024-09-16 09:00:00,2024-09-16 10:49:40.242834
28.0,40,239.78584270707606,True,28.0,26.0,6.0,2.362350010667016,2024-09-26 08:47:09.033745,2024-09-16 09:00:00,2024-09-16 11:21:44.460038
28.0,40,239.75183521779982,True,28.0,26.0,7.0,2.9462100307128516,2024-09-26 08:45:06.606784,2024-09-16 09:00:00,2024-09-16 11:56:46.356111
28.0,40,239.9763127746763,True,28.0,26.0,8.0,3.6726395704164894,2024-09-26 08:58:34.725989,2024-09-16 09:00:00,2024-09-16 12:40:21.502453
28.0,40,239.69647341736115,True,28.0,26.0,9.0,4.656122595316741,2024-09-26 08:41:47.304303,2024-09-16 09:00:00,2024-09-16 13:39:22.041343
28.0,40,239.80169433539146,True,28.0,26.0,10.0,5.925451488105906,2024-09-26 08:48:06.099607,2024-09-16 09:00:00,2024-09-16 14:55:31.625357
28.0,40,239.5700500955951,True,28.0,26.0,11.0,7.519614990913812,2024-09-26 08:34:12.180344,2024-09-16 09:00:00,2024-09-16 16:31:10.613967
28.0,40,239.51748662167734,True,28.0,26.0,12.0,9.440064382277397,2024-09-26 08:31:02.951838,2024-09-16 09:00:00,2024-09-16 18:26:24.231776
28.0,40,238.8214281325562,True,28.0,26.0,13.0,11.590178382130633,2024-09-26 07:49:17.141277,2024-09-16 09:00:00,2024-09-16 20:35:24.642176
28.0,40,239.239433203377,True,28.0,26.0,14.0,13.850709900502048,2024-09-26 08:14:21.959532,2024-09-16 09:00:00,2024-09-16 22:51:02.555642
28.0,40,239.1950437516684,True,28.0,26.0,15.0,16.365020978768353,2024-09-26 08:11:42.157506,2024-09-16 09:00:00,2024-09-17 01:21:54.075524
28.0,40,238.6607636293044,True,28.0,26.0,16.0,19.187656225617765,2024-09-26 07:39:38.749065,2024-09-16 09:00:00,2024-09-17 04:11:15.562412
28.0,40,236.94999582822965,True,28.0,26.0,17.0,21.878739750843813,2024-09-26 05:56:59.984982,2024-09-16 09:00:00,2024-09-17 06:52:43.463103
28.0,40,238.38180073884624,True,28.0,26.0,18.0,24.00382047214794,2024-09-26 07:22:54.482660,2024-09-16 09:00:00,2024-09-17 09:00:13.753700
28.0,40,239.16898249425688,True,28.0,26.0,19.0,26.083990513040476,2024-09-26 08:10:08.336979,2024-09-16 09:00:00,2024-09-17 11:05:02.365847
28.0,40,237.12768984612035,True,28.0,26.0,20.0,28.600573109895578,2024-09-26 06:07:39.683446,2024-09-16 09:00:00,2024-09-17 13:36:02.063196
28.0,40,237.87974575115416,True,28.0,26.0,21.0,31.290493477073476,2024-09-26 06:52:47.084704,2024-09-16 09:00:00,2024-09-17 16:17:25.776517
28.0,40,236.31306735600322,True,28.0,26.0,22.0,34.120184685168695,2024-09-26 05:18:47.042482,2024-09-16 09:00:00,2024-09-17 19:07:12.664867
28.0,40,236.20663322554208,True,28.0,26.0,23.0,36.96195664714273,2024-09-26 05:12:23.879612,2024-09-16 09:00:00,2024-09-17 21:57:43.043930
28.0,40,236.74134073774482,True,28.0,26.0,24.0,40.07181577705862,2024-09-26 05:44:28.826656,2024-09-16 09:00:00,2024-09-18 01:04:18.536797
28.0,40,233.7129871394318,True,28.0,26.0,25.0,43.688278922063105,2024-09-26 02:42:46.753702,2024-09-16 09:00:00,2024-09-18 04:41:17.804119
28.0,40,233.84722156210205,True,28.0,26.0,26.0,47.408750922504964,2024-09-26 02:50:49.997624,2024-09-16 09:00:00,2024-09-18 08:24:31.503321
28.0,40,233.76775264864176,True,28.0,26.0,27.0,51.54039487453069,2024-09-26 02:46:03.909535,2024-09-16 09:00:00,2024-09-18 12:32:25.421548
28.0,40,233.7119673051657,True,28.0,26.0,28.0,56.92303889433876,2024-09-26 02:42:43.082299,2024-09-16 09:00:00,2024-09-18 17:55:22.940020
28.0,40,229.35195649342447,True,28.0,26.0,29.0,63.6728520108704,2024-09-25 22:21:07.043376,2024-09-16 09:00:00,2024-09-19 00:40:22.267239
28.0,40,230.31227989497484,True,28.0,26.0,30.0,71.1355582662694,2024-09-25 23:18:44.207622,2024-09-16 09:00:00,2024-09-19 08:08:08.009759
28.0,40,223.27815422091058,True,28.0,26.0,31.0,78.7119769556742,2024-09-25 16:16:41.355195,2024-09-16 09:00:00,2024-09-19 15:42:43.117040
28.0,40,224.4825170619505,True,28.0,26.0,32.0,85.23373018678303,2024-09-25 17:28:57.061423,2024-09-16 09:00:00,2024-09-19 22:14:01.428672
28.0,40,226.830777634081,True,28.0,26.0,33.0,91.95646408535461,2024-09-25 19:49:50.799483,2024-09-16 09:00:00,2024-09-20 04:57:23.270707
28.0,40,220.4262397258977,True,28.0,26.0,34.0,100.79566625808962,2024-09-25 13:25:34.463013,2024-09-16 09:00:00,2024-09-20 13:47:44.398529
28.0,40,212.02602963787865,True,28.0,26.0,35.0,110.49149223867802,2024-09-25 05:01:33.706696,2024-09-16 09:00:00,2024-09-20 23:29:29.372059
28.0,40,218.9149094487271,True,28.0,26.0,36.0,120.68636338791177,2024-09-25 11:54:53.674015,2024-09-16 09:00:00,2024-09-21 09:41:10.908196
28.0,40,205.33792236507938,True,28.0,26.0,37.0,133.95082021157774,2024-09-24 22:20:16.520514,2024-09-16 09:00:00,2024-09-21 22:57:02.952762
28.0,40,197.94761704339808,True,28.0,26.0,38.0,149.5023737088845,2024-09-24 14:56:51.421356,2024-09-16 09:00:00,2024-09-22 14:30:08.545352
28.0,40,191.78215468786152,True,28.0,26.0,39.0,167.54257894010738,2024-09-24 08:46:55.756876,2024-09-16 09:00:00,2024-09-23 08:32:33.284184
28.0,10,2.7748120484629553,True,28.0,32.0,0.0,0.0,2024-09-16 11:46:29.323374,2024-09-16 09:00:00,2024-09-16 09:00:00.000000
28.0,10,2.864264394438309,True,28.0,32.0,1.0,0.07756227959373074,2024-09-16 11:51:51.351820,2024-09-16 09:00:00,2024-09-16 09:04:39.224207
28.0,10,3.153303750209594,True,28.0,32.0,2.0,0.3666016353650159,2024-09-16 12:09:11.893501,2024-09-16 09:00:00,2024-09-16 09:21:59.765887
28.0,10,3.587233636866217,True,28.0,32.0,3.0,0.8005315220216386,2024-09-16 12:35:14.041093,2024-09-16 09:00:00,2024-09-16 09:48:01.913479
28.0,10,4.0934177574893305,True,28.0,32.0,4.0,1.3067156426447524,2024-09-16 13:05:36.303927,2024-09-16 09:00:00,2024-09-16 10:18:24.176314
28.0,10,4.614547346597348,True,28.0,32.0,5.0,1.8278452317527698,2024-09-16 13:36:52.370448,2024-09-16 09:00:00,2024-09-16 10:49:40.242834
28.0,10,5.149052125511594,True,28.0,32.0,6.0,2.362350010667016,2024-09-16 14:08:56.587652,2024-09-16 09:00:00,2024-09-16 11:21:44.460038
28.0,10,5.454539512909825,True,28.0,32.0,7.0,2.9462100307128516,2024-09-16 14:27:16.342246,2024-09-16 09:00:00,2024-09-16 11:56:46.356111
28.0,10,5.5370917805954,True,28.0,32.0,8.0,3.6726395704164894,2024-09-16 14:32:13.530410,2024-09-16 09:00:00,2024-09-16 12:40:21.502453
28.0,10,5.689147534585552,True,28.0,32.0,9.0,4.656122595316741,2024-09-16 14:41:20.931125,2024-09-16 09:00:00,2024-09-16 13:39:22.041343
28.0,20,21.72590117813871,True,28.0,32.0,0.0,0.0,2024-09-17 06:43:33.244241,2024-09-16 09:00:00,2024-09-16 09:00:00.000000
28.0,20,21.815353524114062,True,28.0,32.0,1.0,0.07756227959373074,2024-09-17 06:48:55.272687,2024-09-16 09:00:00,2024-09-16 09:04:39.224207
28.0,20,22.104392879885346,True,28.0,32.0,2.0,0.3666016353650159,2024-09-17 07:06:15.814368,2024-09-16 09:00:00,2024-09-16 09:21:59.765887
28.0,20,22.53832276654197,True,28.0,32.0,3.0,0.8005315220216386,2024-09-17 07:32:17.961960,2024-09-16 09:00:00,2024-09-16 09:48:01.913479
28.0,20,23.044506887165085,True,28.0,32.0,4.0,1.3067156426447524,2024-09-17 08:02:40.224794,2024-09-16 09:00:00,2024-09-16 10:18:24.176314
28.0,20,23.5656364762731,True,28.0,32.0,5.0,1.8278452317527698,2024-09-17 08:33:56.291315,2024-09-16 09:00:00,2024-09-16 10:49:40.242834
28.0,20,24.100141255187346,True,28.0,32.0,6.0,2.362350010667016,2024-09-17 09:06:00.508519,2024-09-16 09:00:00,2024-09-16 11:21:44.460038
28.0,20,24.40562864258558,True,28.0,32.0,7.0,2.9462100307128516,2024-09-17 09:24:20.263113,2024-09-16 09:00:00,2024-09-16 11:56:46.356111
28.0,20,24.48818091027115,True,28.0,32.0,8.0,3.6726395704164894,2024-09-17 09:29:17.451277,2024-09-16 09:00:00,2024-09-16 12:40:21.502453
28.0,20,24.640236664261305,True,28.0,32.0,9.0,4.656122595316741,2024-09-17 09:38:24.851991,2024-09-16 09:00:00,2024-09-16 13:39:22.041343
28.0,20,24.876540617781657,True,28.0,32.0,10.0,5.925451488105906,2024-09-17 09:52:35.546224,2024-09-16 09:00:00,2024-09-16 14:55:31.625357
28.0,20,25.230712189509884,True,28.0,32.0,11.0,7.519614990913812,2024-09-17 10:13:50.563882,2024-09-16 09:00:00,2024-09-16 16:31:10.613967
28.0,20,25.709338224939195,True,28.0,32.0,12.0,9.440064382277397,2024-09-17 10:42:33.617610,2024-09-16 09:00:00,2024-09-16 18:26:24.231776
28.0,20,26.23058240442014,True,28.0,32.0,13.0,11.590178382130633,2024-09-17 11:13:50.096656,2024-09-16 09:00:00,2024-09-16 20:35:24.642176
28.0,20,26.697379404247563,True,28.0,32.0,14.0,13.850709900502048,2024-09-17 11:41:50.565855,2024-09-16 09:00:00,2024-09-16 22:51:02.555642
28.0,20,27.281232871489873,True,28.0,32.0,15.0,16.365020978768353,2024-09-17 12:16:52.438337,2024-09-16 09:00:00,2024-09-17 01:21:54.075524
28.0,20,28.06889173257046,True,28.0,32.0,16.0,19.187656225617765,2024-09-17 13:04:08.010237,2024-09-16 09:00:00,2024-09-17 04:11:15.562412
28.0,20,28.648989833724762,True,28.0,32.0,17.0,21.878739750843813,2024-09-17 13:38:56.363401,2024-09-16 09:00:00,2024-09-17 06:52:43.463103
28.0,20,28.599031187960207,True,28.0,32.0,18.0,24.00382047214794,2024-09-17 13:35:56.512277,2024-09-16 09:00:00,2024-09-17 09:00:13.753700
28.0,20,28.4298781082452,True,28.0,32.0,19.0,26.083990513040476,2024-09-17 13:25:47.561190,2024-09-16 09:00:00,2024-09-17 11:05:02.365847
28.0,30,49.87693438006312,True,28.0,32.0,0.0,0.0,2024-09-18 10:52:36.963768,2024-09-16 09:00:00,2024-09-16 09:00:00.000000
28.0,30,49.96638672603847,True,28.0,32.0,1.0,0.07756227959373074,2024-09-18 10:57:58.992214,2024-09-16 09:00:00,2024-09-16 09:04:39.224207
28.0,30,50.25542608180976,True,28.0,32.0,2.0,0.3666016353650159,2024-09-18 11:15:19.533895,2024-09-16 09:00:00,2024-09-16 09:21:59.765887
28.0,30,50.68935596846638,True,28.0,32.0,3.0,0.8005315220216386,2024-09-18 11:41:21.681486,2024-09-16 09:00:00,2024-09-16 09:48:01.913479
28.0,30,51.1955400890895,True,28.0,32.0,4.0,1.3067156426447524,2024-09-18 12:11:43.944321,2024-09-16 09:00:00,2024-09-16 10:18:24.176314
28.0,30,51.71666967819751,True,28.0,32.0,5.0,1.8278452317527698,2024-09-18 12:43:00.010842,2024-09-16 09:00:00,2024-09-16 10:49:40.242834
28.0,30,52.25117445711176,True,28.0,32.0,6.0,2.362350010667016,2024-09-18 13:15:04.228046,2024-09-16 09:00:00,2024-09-16 11:21:44.460038
28.0,30,52.55666184450999,True,28.0,32.0,7.0,2.9462100307128516,2024-09-18 13:33:23.982640,2024-09-16 09:00:00,2024-09-16 11:56:46.356111
28.0,30,52.63921411219556,True,28.0,32.0,8.0,3.6726395704164894,2024-09-18 13:38:21.170804,2024-09-16 09:00:00,2024-09-16 12:40:21.502453
28.0,30,52.791269866185715,True,28.0,32.0,9.0,4.656122595316741,2024-09-18 13:47:28.571518,2024-09-16 09:00:00,2024-09-16 13:39:22.041343
28.0,30,53.02757381970607,True,28.0,32.0,10.0,5.925451488105906,2024-09-18 14:01:39.265751,2024-09-16 09:00:00,2024-09-16 14:55:31.625357
28.0,30,53.38174539143429,True,28.0,32.0,11.0,7.519614990913812,2024-09-18 14:22:54.283409,2024-09-16 09:00:00,2024-09-16 16:31:10.613967
28.0,30,53.86037142686361,True,28.0,32.0,12.0,9.440064382277397,2024-09-18 14:51:37.337137,2024-09-16 09:00:00,2024-09-16 18:26:24.231776
28.0,30,54.38161560634455,True,28.0,32.0,13.0,11.590178382130633,2024-09-18 15:22:53.816183,2024-09-16 09:00:00,2024-09-16 20:35:24.642176
28.0,30,54.848412606171976,True,28.0,32.0,14.0,13.850709900502048,2024-09-18 15:50:54.285382,2024-09-16 09:00:00,2024-09-16 22:51:02.555642
28.0,30,55.43226607341428,True,28.0,32.0,15.0,16.365020978768353,2024-09-18 16:25:56.157864,2024-09-16 09:00:00,2024-09-17 01:21:54.075524
28.0,30,56.21992493449488,True,28.0,32.0,16.0,19.187656225617765,2024-09-18 17:13:11.729764,2024-09-16 09:00:00,2024-09-17 04:11:15.562412
28.0,30,56.800023035649176,True,28.0,32.0,17.0,21.878739750843813,2024-09-18 17:48:00.082928,2024-09-16 09:00:00,2024-09-17 06:52:43.463103
28.0,30,56.75006438988461,True,28.0,32.0,18.0,24.00382047214794,2024-09-18 17:45:00.231804,2024-09-16 09:00:00,2024-09-17 09:00:13.753700
28.0,30,56.58091131016961,True,28.0,32.0,19.0,26.083990513040476,2024-09-18 17:34:51.280717,2024-09-16 09:00:00,2024-09-17 11:05:02.365847
28.0,30,56.75160631181999,True,28.0,32.0,20.0,28.600573109895578,2024-09-18 17:45:05.782723,2024-09-16 09:00:00,2024-09-17 13:36:02.063196
28.0,30,56.98194636053645,True,28.0,32.0,21.0,31.290493477073476,2024-09-18 17:58:55.006898,2024-09-16 09:00:00,2024-09-17 16:17:25.776517
28.0,30,57.23935194569466,True,28.0,32.0,22.0,34.120184685168695,2024-09-18 18:14:21.667005,2024-09-16 09:00:00,2024-09-17 19:07:12.664867
28.0,30,57.429760520643256,True,28.0,32.0,23.0,36.96195664714273,2024-09-18 18:25:47.137874,2024-09-16 09:00:00,2024-09-17 21:57:43.043930
28.0,30,57.935775040206465,True,28.0,32.0,24.0,40.07181577705862,2024-09-18 18:56:08.790145,2024-09-16 09:00:00,2024-09-18 01:04:18.536797
28.0,30,59.27744530430297,True,28.0,32.0,25.0,43.688278922063105,2024-09-18 20:16:38.803095,2024-09-16 09:00:00,2024-09-18 04:41:17.804119
28.0,30,60.65334375885033,True,28.0,32.0,26.0,47.408750922504964,2024-09-18 21:39:12.037532,2024-09-16 09:00:00,2024-09-18 08:24:31.503321
28.0,30,62.135919973974595,True,28.0,32.0,27.0,51.54039487453069,2024-09-18 23:08:09.311906,2024-09-16 09:00:00,2024-09-18 12:32:25.421548
28.0,30,64.44943668564122,True,28.0,32.0,28.0,56.92303889433876,2024-09-19 01:26:57.972068,2024-09-16 09:00:00,2024-09-18 17:55:22.940020
28.0,30,67.6663052799957,True,28.0,32.0,29.0,63.6728520108704,2024-09-19 04:39:58.699008,2024-09-16 09:00:00,2024-09-19 00:40:22.267239
28.0,40,147.92965801905657,True,28.0,32.0,0.0,0.0,2024-09-22 12:55:46.768869,2024-09-16 09:00:00,2024-09-16 09:00:00.000000
28.0,40,148.01911036503193,True,28.0,32.0,1.0,0.07756227959373074,2024-09-22 13:01:08.797314,2024-09-16 09:00:00,2024-09-16 09:04:39.224207
28.0,40,148.30814972080321,True,28.0,32.0,2.0,0.3666016353650159,2024-09-22 13:18:29.338995,2024-09-16 09:00:00,2024-09-16 09:21:59.765887
28.0,40,148.74207960745983,True,28.0,32.0,3.0,0.8005315220216386,2024-09-22 13:44:31.486587,2024-09-16 09:00:00,2024-09-16 09:48:01.913479
28.0,40,149.24826372808295,True,28.0,32.0,4.0,1.3067156426447524,2024-09-22 14:14:53.749421,2024-09-16 09:00:00,2024-09-16 10:18:24.176314
28.0,40,149.76939331719097,True,28.0,32.0,5.0,1.8278452317527698,2024-09-22 14:46:09.815942,2024-09-16 09:00:00,2024-09-16 10:49:40.242834
28.0,40,150.30389809610523,True,28.0,32.0,6.0,2.362350010667016,2024-09-22 15:18:14.033146,2024-09-16 09:00:00,2024-09-16 11:21:44.460038
28.0,40,150.60938548350344,True,28.0,32.0,7.0,2.9462100307128516,2024-09-22 15:36:33.787741,2024-09-16 09:00:00,2024-09-16 11:56:46.356111
28.0,40,150.69193775118902,True,28.0,32.0,8.0,3.6726395704164894,2024-09-22 15:41:30.975904,2024-09-16 09:00:00,2024-09-16 12:40:21.502453
28.0,40,150.84399350517916,True,28.0,32.0,9.0,4.656122595316741,2024-09-22 15:50:38.376619,2024-09-16 09:00:00,2024-09-16 13:39:22.041343
28.0,40,151.0802974586995,True,28.0,32.0,10.0,5.925451488105906,2024-09-22 16:04:49.070851,2024-09-16 09:00:00,2024-09-16 14:55:31.625357
28.0,40,151.43446903042778,True,28.0,32.0,11.0,7.519614990913812,2024-09-22 16:26:04.088510,2024-09-16 09:00:00,2024-09-16 16:31:10.613967
28.0,40,151.91309506585708,True,28.0,32.0,12.0,9.440064382277397,2024-09-22 16:54:47.142237,2024-09-16 09:00:00,2024-09-16 18:26:24.231776
28.0,40,152.434339245338,True,28.0,32.0,13.0,11.590178382130633,2024-09-22 17:26:03.621283,2024-09-16 09:00:00,2024-09-16 20:35:24.642176
28.0,40,152.90113624516542,True,28.0,32.0,14.0,13.850709900502048,2024-09-22 17:54:04.090483,2024-09-16 09:00:00,2024-09-16 22:51:02.555642
28.0,40,153.48498971240772,True,28.0,32.0,15.0,16.365020978768353,2024-09-22 18:29:05.962965,2024-09-16 09:00:00,2024-09-17 01:21:54.075524
28.0,40,154.2726485734883,True,28.0,32.0,16.0,19.187656225617765,2024-09-22 19:16:21.534865,2024-09-16 09:00:00,2024-09-17 04:11:15.562412
28.0,40,154.85274667464262,True,28.0,32.0,17.0,21.878739750843813,2024-09-22 19:51:09.888029,2024-09-16 09:00:00,2024-09-17 06:52:43.463103
28.0,40,154.80278802887807,True,28.0,32.0,18.0,24.00382047214794,2024-09-22 19:48:10.036904,2024-09-16 09:00:00,2024-09-17 09:00:13.753700
28.0,40,154.63363494916308,True,28.0,32.0,19.0,26.083990513040476,2024-09-22 19:38:01.085817,2024-09-16 09:00:00,2024-09-17 11:05:02.365847
28.0,40,154.80432995081344,True,28.0,32.0,20.0,28.600573109895578,2024-09-22 19:48:15.587823,2024-09-16 09:00:00,2024-09-17 13:36:02.063196
28.0,40,155.0346699995299,True,28.0,32.0,21.0,31.290493477073476,2024-09-22 20:02:04.811998,2024-09-16 09:00:00,2024-09-17 16:17:25.776517
28.0,40,155.29207558468812,True,28.0,32.0,22.0,34.120184685168695,2024-09-22 20:17:31.472105,2024-09-16 09:00:00,2024-09-17 19:07:12.664867
28.0,40,155.48248415963673,True,28.0,32.0,23.0,36.96195664714273,2024-09-22 20:28:56.942975,2024-09-16 09:00:00,2024-09-17 21:57:43.043930
28.0,40,155.98849867919992,True,28.0,32.0,24.0,40.07181577705862,2024-09-22 20:59:18.595245,2024-09-16 09:00:00,2024-09-18 01:04:18.536797
28.0,40,157.33016894329643,True,28.0,32.0,25.0,43.688278922063105,2024-09-22 22:19:48.608196,2024-09-16 09:00:00,2024-09-18 04:41:17.804119
28.0,40,158.70606739784378,True,28.0,32.0,26.0,47.408750922504964,2024-09-22 23:42:21.842632,2024-09-16 09:00:00,2024-09-18 08:24:31.503321
28.0,40,160.18864361296806,True,28.0,32.0,27.0,51.54039487453069,2024-09-23 01:11:19.117007,2024-09-16 09:00:00,2024-09-18 12:32:25.421548
28.0,40,162.50216032463467,True,28.0,32.0,28.0,56.92303889433876,2024-09-23 03:30:07.777169,2024-09-16 09:00:00,2024-09-18 17:55:22.940020
28.0,40,165.71902891898915,True,28.0,32.0,29.0,63.6728520108704,2024-09-23 06:43:08.504108,2024-09-16 09:00:00,2024-09-19 00:40:22.267239
28.0,40,169.18828190526284,True,28.0,32.0,30.0,71.1355582662694,2024-09-23 10:11:17.814859,2024-09-16 09:00:00,2024-09-19 08:08:08.009759
28.0,40,172.3141303922002,True,28.0,32.0,31.0,78.7119769556742,2024-09-23 13:18:50.869412,2024-09-16 09:00:00,2024-09-19 15:42:43.117040
28.0,40,173.87634675521804,True,28.0,32.0,32.0,85.23373018678303,2024-09-23 14:52:34.848319,2024-09-16 09:00:00,2024-09-19 22:14:01.428672
28.0,40,174.99251494617732,True,28.0,32.0,33.0,91.95646408535461,2024-09-23 15:59:33.053806,2024-09-16 09:00:00,2024-09-20 04:57:23.270707
28.0,40,177.35953495646694,True,28.0,32.0,34.0,100.79566625808962,2024-09-23 18:21:34.325843,2024-09-16 09:00:00,2024-09-20 13:47:44.398529
28.0,40,179.42977465534256,True,28.0,32.0,35.0,110.49149223867802,2024-09-23 20:25:47.188759,2024-09-16 09:00:00,2024-09-20 23:29:29.372059
28.0,40,180.48095737382744,True,28.0,32.0,36.0,120.68636338791177,2024-09-23 21:28:51.446546,2024-09-16 09:00:00,2024-09-21 09:41:10.908196
28.0,40,182.64416878871336,True,28.0,32.0,37.0,133.95082021157774,2024-09-23 23:38:39.007639,2024-09-16 09:00:00,2024-09-21 22:57:02.952762
28.0,40,184.68204680678306,True,28.0,32.0,38.0,149.5023737088845,2024-09-24 01:40:55.368504,2024-09-16 09:00:00,2024-09-22 14:30:08.545352
28.0,40,186.479119569029,True,28.0,32.0,39.0,167.54257894010738,2024-09-24 03:28:44.830449,2024-09-16 09:00:00,2024-09-23 08:32:33.284184
32.0,10,5.937341554487529,True,32.0,28.0,0.0,0.011890066381622984,2024-09-16 14:56:14.429596,2024-09-16 09:00:00,2024-09-16 09:00:42.804239
32.0,10,5.847889208512175,True,32.0,28.0,1.0,0.0,2024-09-16 14:50:52.401151,2024-09-16 09:00:00,2024-09-16 09:00:00.000000
32.0,10,5.55884985274089,True,32.0,28.0,2.0,0.0,2024-09-16 14:33:31.859470,2024-09-16 09:00:00,2024-09-16 09:00:00.000000
32.0,10,5.124919966084267,True,32.0,28.0,3.0,0.0,2024-09-16 14:07:29.711878,2024-09-16 09:00:00,2024-09-16 09:00:00.000000
32.0,10,4.618735845461154,True,32.0,28.0,4.0,0.0,2024-09-16 13:37:07.449044,2024-09-16 09:00:00,2024-09-16 09:00:00.000000
32.0,10,4.097606256353136,True,32.0,28.0,5.0,0.0,2024-09-16 13:05:51.382523,2024-09-16 09:00:00,2024-09-16 09:00:00.000000
32.0,10,3.56310147743889,True,32.0,28.0,6.0,0.0,2024-09-16 12:33:47.165319,2024-09-16 09:00:00,2024-09-16 09:00:00.000000
32.0,10,3.2576140900406587,True,32.0,28.0,7.0,0.2783726326476046,2024-09-16 12:15:27.410724,2024-09-16 09:00:00,2024-09-16 09:16:42.141478
32.0,10,3.175061822355084,True,32.0,28.0,8.0,0.9222499046656676,2024-09-16 12:10:30.222560,2024-09-16 09:00:00,2024-09-16 09:55:20.099657
32.0,10,3.023006068364932,True,32.0,28.0,9.0,1.753677175575767,2024-09-16 12:01:22.821846,2024-09-16 09:00:00,2024-09-16 10:45:13.237832
32.0,20,28.6124631762772,True,32.0,28.0,0.0,0.011890066381622984,2024-09-17 13:36:44.867435,2024-09-16 09:00:00,2024-09-16 09:00:42.804239
32.0,20,28.523010830301846,True,32.0,28.0,1.0,0.0,2024-09-17 13:31:22.838989,2024-09-16 09:00:00,2024-09-16 09:00:00.000000
32.0,20,28.233971474530563,True,32.0,28.0,2.0,0.0,2024-09-17 13:14:02.297308,2024-09-16 09:00:00,2024-09-16 09:00:00.000000
32.0,20,27.800041587873938,True,32.0,28.0,3.0,0.0,2024-09-17 12:48:00.149716,2024-09-16 09:00:00,2024-09-16 09:00:00.000000
32.0,20,27.293857467250824,True,32.0,28.0,4.0,0.0,2024-09-17 12:17:37.886882,2024-09-16 09:00:00,2024-09-16 09:00:00.000000
32.0,20,26.77272787814281,True,32.0,28.0,5.0,0.0,2024-09-17 11:46:21.820361,2024-09-16 09:00:00,2024-09-16 09:00:00.000000
32.0,20,26.238223099228563,True,32.0,28.0,6.0,0.0,2024-09-17 11:14:17.603157,2024-09-16 09:00:00,2024-09-16 09:00:00.000000
32.0,20,25.932735711830333,True,32.0,28.0,7.0,0.2783726326476046,2024-09-17 10:55:57.848563,2024-09-16 09:00:00,2024-09-16 09:16:42.141478
32.0,20,25.850183444144754,True,32.0,28.0,8.0,0.9222499046656676,2024-09-17 10:51:00.660399,2024-09-16 09:00:00,2024-09-16 09:55:20.099657
32.0,20,25.698127690154603,True,32.0,28.0,9.0,1.753677175575767,2024-09-17 10:41:53.259685,2024-09-16 09:00:00,2024-09-16 10:45:13.237832
32.0,20,25.46182373663425,True,32.0,28.0,10.0,2.7867021148445783,2024-09-17 10:27:42.565452,2024-09-16 09:00:00,2024-09-16 11:47:12.127613
32.0,20,25.107652164906025,True,32.0,28.0,11.0,4.026694045924259,2024-09-17 10:06:27.547794,2024-09-16 09:00:00,2024-09-16 13:01:36.098565
32.0,20,24.629026129476713,True,32.0,28.0,12.0,5.4685174018585325,2024-09-17 09:37:44.494066,2024-09-16 09:00:00,2024-09-16 14:28:06.662647
32.0,20,24.107781949995772,True,32.0,28.0,13.0,7.097387222230825,2024-09-17 09:06:28.015020,2024-09-16 09:00:00,2024-09-16 16:05:50.594000
32.0,20,23.640984950168345,True,32.0,28.0,14.0,8.891121740774814,2024-09-17 08:38:27.545821,2024-09-16 09:00:00,2024-09-16 17:53:28.038267
32.0,20,23.057131482926035,True,32.0,28.0,15.0,10.82157935179881,2024-09-17 08:03:25.673339,2024-09-16 09:00:00,2024-09-16 19:49:17.685666
32.0,20,22.26947262184545,True,32.0,28.0,16.0,12.856555737567636,2024-09-17 07:16:10.101439,2024-09-16 09:00:00,2024-09-16 21:51:23.600655
32.0,20,21.689374520691146,True,32.0,28.0,17.0,14.967541161639382,2024-09-17 06:41:21.748274,2024-09-16 09:00:00,2024-09-16 23:58:03.148182
32.0,20,21.7393331664557,True,32.0,28.0,18.0,17.142580528708063,2024-09-17 06:44:21.599399,2024-09-16 09:00:00,2024-09-17 02:08:33.289903
32.0,20,21.908486246170707,True,32.0,28.0,19.0,19.391903649315605,2024-09-17 06:54:30.550486,2024-09-16 09:00:00,2024-09-17 04:23:30.853138
32.0,30,71.14744833265102,True,32.0,28.0,0.0,0.011890066381622984,2024-09-19 08:08:50.813998,2024-09-16 09:00:00,2024-09-16 09:00:42.804239
32.0,30,71.05799598667566,True,32.0,28.0,1.0,0.0,2024-09-19 08:03:28.785552,2024-09-16 09:00:00,2024-09-16 09:00:00.000000
32.0,30,70.76895663090438,True,32.0,28.0,2.0,0.0,2024-09-19 07:46:08.243871,2024-09-16 09:00:00,2024-09-16 09:00:00.000000
32.0,30,70.33502674424776,True,32.0,28.0,3.0,0.0,2024-09-19 07:20:06.096279,2024-09-16 09:00:00,2024-09-16 09:00:00.000000
32.0,30,69.82884262362465,True,32.0,28.0,4.0,0.0,2024-09-19 06:49:43.833445,2024-09-16 09:00:00,2024-09-16 09:00:00.000000
32.0,30,69.30771303451662,True,32.0,28.0,5.0,0.0,2024-09-19 06:18:27.766924,2024-09-16 09:00:00,2024-09-16 09:00:00.000000
32.0,30,68.77320825560238,True,32.0,28.0,6.0,0.0,2024-09-19 05:46:23.549720,2024-09-16 09:00:00,2024-09-16 09:00:00.000000
32.0,30,68.46772086820415,True,32.0,28.0,7.0,0.2783726326476046,2024-09-19 05:28:03.795126,2024-09-16 09:00:00,2024-09-16 09:16:42.141478
32.0,30,68.38516860051857,True,32.0,28.0,8.0,0.9222499046656676,2024-09-19 05:23:06.606962,2024-09-16 09:00:00,2024-09-16 09:55:20.099657
32.0,30,68.23311284652843,True,32.0,28.0,9.0,1.753677175575767,2024-09-19 05:13:59.206248,2024-09-16 09:00:00,2024-09-16 10:45:13.237832
32.0,30,67.99680889300807,True,32.0,28.0,10.0,2.7867021148445783,2024-09-19 04:59:48.512015,2024-09-16 09:00:00,2024-09-16 11:47:12.127613
32.0,30,67.64263732127985,True,32.0,28.0,11.0,4.026694045924259,2024-09-19 04:38:33.494357,2024-09-16 09:00:00,2024-09-16 13:01:36.098565
32.0,30,67.16401128585053,True,32.0,28.0,12.0,5.4685174018585325,2024-09-19 04:09:50.440629,2024-09-16 09:00:00,2024-09-16 14:28:06.662647
32.0,30,66.64276710636959,True,32.0,28.0,13.0,7.097387222230825,2024-09-19 03:38:33.961583,2024-09-16 09:00:00,2024-09-16 16:05:50.594000
32.0,30,66.17597010654217,True,32.0,28.0,14.0,8.891121740774814,2024-09-19 03:10:33.492384,2024-09-16 09:00:00,2024-09-16 17:53:28.038267
32.0,30,65.59211663929986,True,32.0,28.0,15.0,10.82157935179881,2024-09-19 02:35:31.619901,2024-09-16 09:00:00,2024-09-16 19:49:17.685666
32.0,30,64.80445777821927,True,32.0,28.0,16.0,12.856555737567636,2024-09-19 01:48:16.048002,2024-09-16 09:00:00,2024-09-16 21:51:23.600655
32.0,30,64.22435967706497,True,32.0,28.0,17.0,14.967541161639382,2024-09-19 01:13:27.694837,2024-09-16 09:00:00,2024-09-16 23:58:03.148182
32.0,30,64.27431832282953,True,32.0,28.0,18.0,17.142580528708063,2024-09-19 01:16:27.545962,2024-09-16 09:00:00,2024-09-17 02:08:33.289903
32.0,30,64.44347140254453,True,32.0,28.0,19.0,19.391903649315605,2024-09-19 01:26:36.497049,2024-09-16 09:00:00,2024-09-17 04:23:30.853138
32.0,30,64.27277640089414,True,32.0,28.0,20.0,21.73779124452033,2024-09-19 01:16:21.995043,2024-09-16 09:00:00,2024-09-17 06:44:16.048480
32.0,30,64.0424363521777,True,32.0,28.0,21.0,24.197371562981772,2024-09-19 01:02:32.770868,2024-09-16 09:00:00,2024-09-17 09:11:50.537627
32.0,30,63.785030767019485,True,32.0,28.0,22.0,26.76965718591878,2024-09-19 00:47:06.110761,2024-09-16 09:00:00,2024-09-17 11:46:10.765869
32.0,30,63.59462219207089,True,32.0,28.0,23.0,29.421020572944215,2024-09-19 00:35:40.639891,2024-09-16 09:00:00,2024-09-17 14:25:15.674063
32.0,30,63.08860767250768,True,32.0,28.0,24.0,32.024865183296896,2024-09-19 00:05:18.987621,2024-09-16 09:00:00,2024-09-17 17:01:29.514660
32.0,30,61.74693740841117,True,32.0,28.0,25.0,34.29965806420488,2024-09-18 22:44:48.974670,2024-09-16 09:00:00,2024-09-17 19:17:58.769031
32.0,30,60.37103895386381,True,32.0,28.0,26.0,36.644231610099375,2024-09-18 21:22:15.740234,2024-09-16 09:00:00,2024-09-17 21:38:39.233796
32.0,30,58.88846273873955,True,32.0,28.0,27.0,39.29329934700084,2024-09-18 19:53:18.465859,2024-09-16 09:00:00,2024-09-18 00:17:35.877649
32.0,30,56.574946027072926,True,32.0,28.0,28.0,42.362426655142286,2024-09-18 17:34:29.805697,2024-09-16 09:00:00,2024-09-18 03:21:44.735959
32.0,30,53.358077432718446,True,32.0,28.0,29.0,45.89537117731945,2024-09-18 14:21:29.078758,2024-09-16 09:00:00,2024-09-18 06:53:43.336238
32.0,40,192.69534071328516,True,32.0,28.0,0.0,0.011890066381622984,2024-09-24 09:41:43.226568,2024-09-16 09:00:00,2024-09-16 09:00:42.804239
32.0,40,192.6058883673098,True,32.0,28.0,1.0,0.0,2024-09-24 09:36:21.198122,2024-09-16 09:00:00,2024-09-16 09:00:00.000000
32.0,40,192.31684901153852,True,32.0,28.0,2.0,0.0,2024-09-24 09:19:00.656442,2024-09-16 09:00:00,2024-09-16 09:00:00.000000
32.0,40,191.8829191248819,True,32.0,28.0,3.0,0.0,2024-09-24 08:52:58.508850,2024-09-16 09:00:00,2024-09-16 09:00:00.000000
32.0,40,191.3767350042588,True,32.0,28.0,4.0,0.0,2024-09-24 08:22:36.246015,2024-09-16 09:00:00,2024-09-16 09:00:00.000000
32.0,40,190.85560541515076,True,32.0,28.0,5.0,0.0,2024-09-24 07:51:20.179495,2024-09-16 09:00:00,2024-09-16 09:00:00.000000
32.0,40,190.3211006362365,True,32.0,28.0,6.0,0.0,2024-09-24 07:19:15.962290,2024-09-16 09:00:00,2024-09-16 09:00:00.000000
32.0,40,190.0156132488383,True,32.0,28.0,7.0,0.2783726326476046,2024-09-24 07:00:56.207696,2024-09-16 09:00:00,2024-09-16 09:16:42.141478
32.0,40,189.93306098115272,True,32.0,28.0,8.0,0.9222499046656676,2024-09-24 06:55:59.019532,2024-09-16 09:00:00,2024-09-16 09:55:20.099657
32.0,40,189.78100522716258,True,32.0,28.0,9.0,1.753677175575767,2024-09-24 06:46:51.618818,2024-09-16 09:00:00,2024-09-16 10:45:13.237832
32.0,40,189.54470127364223,True,32.0,28.0,10.0,2.7867021148445783,2024-09-24 06:32:40.924585,2024-09-16 09:00:00,2024-09-16 11:47:12.127613
32.0,40,189.190529701914,True,32.0,28.0,11.0,4.026694045924259,2024-09-24 06:11:25.906927,2024-09-16 09:00:00,2024-09-16 13:01:36.098565
32.0,40,188.71190366648466,True,32.0,28.0,12.0,5.4685174018585325,2024-09-24 05:42:42.853199,2024-09-16 09:00:00,2024-09-16 14:28:06.662647
32.0,40,188.19065948700373,True,32.0,28.0,13.0,7.097387222230825,2024-09-24 05:11:26.374153,2024-09-16 09:00:00,2024-09-16 16:05:50.594000
32.0,40,187.72386248717632,True,32.0,28.0,14.0,8.891121740774814,2024-09-24 04:43:25.904954,2024-09-16 09:00:00,2024-09-16 17:53:28.038267
32.0,40,187.140009019934,True,32.0,28.0,15.0,10.82157935179881,2024-09-24 04:08:24.032472,2024-09-16 09:00:00,2024-09-16 19:49:17.685666
32.0,40,186.35235015885343,True,32.0,28.0,16.0,12.856555737567636,2024-09-24 03:21:08.460572,2024-09-16 09:00:00,2024-09-16 21:51:23.600655
32.0,40,185.77225205769912,True,32.0,28.0,17.0,14.967541161639382,2024-09-24 02:46:20.107408,2024-09-16 09:00:00,2024-09-16 23:58:03.148182
32.0,40,185.82221070346367,True,32.0,28.0,18.0,17.142580528708063,2024-09-24 02:49:19.958532,2024-09-16 09:00:00,2024-09-17 02:08:33.289903
32.0,40,185.99136378317866,True,32.0,28.0,19.0,19.391903649315605,2024-09-24 02:59:28.909619,2024-09-16 09:00:00,2024-09-17 04:23:30.853138
32.0,40,185.8206687815283,True,32.0,28.0,20.0,21.73779124452033,2024-09-24 02:49:14.407614,2024-09-16 09:00:00,2024-09-17 06:44:16.048480
32.0,40,185.59032873281183,True,32.0,28.0,21.0,24.197371562981772,2024-09-24 02:35:25.183438,2024-09-16 09:00:00,2024-09-17 09:11:50.537627
32.0,40,185.33292314765362,True,32.0,28.0,22.0,26.76965718591878,2024-09-24 02:19:58.523332,2024-09-16 09:00:00,2024-09-17 11:46:10.765869
32.0,40,185.142514572705,True,32.0,28.0,23.0,29.421020572944215,2024-09-24 02:08:33.052462,2024-09-16 09:00:00,2024-09-17 14:25:15.674063
32.0,40,184.63650005314182,True,32.0,28.0,24.0,32.024865183296896,2024-09-24 01:38:11.400191,2024-09-16 09:00:00,2024-09-17 17:01:29.514660
32.0,40,183.2948297890453,True,32.0,28.0,25.0,34.29965806420488,2024-09-24 00:17:41.387241,2024-09-16 09:00:00,2024-09-17 19:17:58.769031
32.0,40,181.91893133449796,True,32.0,28.0,26.0,36.644231610099375,2024-09-23 22:55:08.152804,2024-09-16 09:00:00,2024-09-17 21:38:39.233796
32.0,40,180.4363551193737,True,32.0,28.0,27.0,39.29329934700084,2024-09-23 21:26:10.878430,2024-09-16 09:00:00,2024-09-18 00:17:35.877649
32.0,40,178.12283840770706,True,32.0,28.0,28.0,42.362426655142286,2024-09-23 19:07:22.218268,2024-09-16 09:00:00,2024-09-18 03:21:44.735959
32.0,40,174.90596981335258,True,32.0,28.0,29.0,45.89537117731945,2024-09-23 15:54:21.491328,2024-09-16 09:00:00,2024-09-18 06:53:43.336238
32.0,40,171.4367168270789,True,32.0,28.0,30.0,49.888824446444744,2024-09-23 12:26:12.180577,2024-09-16 09:00:00,2024-09-18 10:53:19.768007
32.0,40,168.31086834014152,True,32.0,28.0,31.0,54.33939464891219,2024-09-23 09:18:39.126025,2024-09-16 09:00:00,2024-09-18 15:20:21.820736
32.0,40,166.7486519771237,True,32.0,28.0,32.0,59.29893151700321,2024-09-23 07:44:55.147118,2024-09-16 09:00:00,2024-09-18 20:17:56.153461
32.0,40,165.6324837861644,True,32.0,28.0,33.0,64.9054972246155,2024-09-23 06:37:56.941630,2024-09-16 09:00:00,2024-09-19 01:54:19.790009
32.0,40,163.2654637758748,True,32.0,28.0,34.0,71.37767938706088,2024-09-23 04:15:55.669593,2024-09-16 09:00:00,2024-09-19 08:22:39.645793
32.0,40,161.19522407699918,True,32.0,28.0,35.0,79.00326566877365,2024-09-23 02:11:42.806677,2024-09-16 09:00:00,2024-09-19 16:00:11.756408
32.0,40,160.1440413585143,True,32.0,28.0,36.0,88.14695409952253,2024-09-23 01:08:38.548891,2024-09-16 09:00:00,2024-09-20 01:08:49.034758
32.0,40,157.98082994362838,True,32.0,28.0,37.0,99.24819950830258,2024-09-22 22:58:50.987797,2024-09-16 09:00:00,2024-09-20 12:14:53.518230
32.0,40,155.94295192555867,True,32.0,28.0,38.0,112.76187498753964,2024-09-22 20:56:34.626932,2024-09-16 09:00:00,2024-09-21 01:45:42.749955
32.0,40,154.14587916331274,True,32.0,28.0,39.0,129.00500745651658,2024-09-22 19:08:45.164988,2024-09-16 09:00:00,2024-09-21 18:00:18.026843
