Temperature,Stage,Development_Time,Switch,Temp1,Temp2,Switch_Stage,Switch_Times,End_Time,Start_Time,Exact_Switch_Time
26.0,10,6.460766188240086,False,,,,,2024-11-29 15:30:00,2024-11-29 09:02:21.241722,
26.0,20,31.810007193320416,False,,,,,2024-11-29 15:30:00,2024-11-28 07:41:23.974104,
26.0,30,81.16036613342982,False,,,,,2024-11-29 15:30:00,2024-11-26 06:20:22.681920,
26.0,40,240.335476188121,False,,,,,2024-11-29 15:30:00,2024-11-19 15:09:52.285723,
28.0,10,6.007210265517642,False,,,,,2024-11-29 15:30:00,2024-11-29 09:29:34.043044,
28.0,20,28.610822585096685,False,,,,,2024-11-29 15:30:00,2024-11-28 10:53:21.038694,
28.0,30,71.1534474677996,False,,,,,2024-11-29 15:30:00,2024-11-26 16:20:47.589116,
28.0,40,192.68716173562007,False,,,,,2024-11-29 15:30:00,2024-11-21 14:48:46.217752,
26.0,10,6.014022032213688,True,26.0,28.0,0.0,0.0068117666960461065,2024-11-29 15:30:00,2024-11-29 09:29:09.520684,2024-11-29 09:29:34.043044
26.0,10,5.9631473712288425,True,26.0,28.0,1.0,0.13796123473730404,2024-11-29 15:30:00,2024-11-29 09:32:12.669464,2024-11-29 09:40:29.329909
26.0,10,5.961907201104623,True,26.0,28.0,2.0,0.5032644079765305,2024-11-29 15:30:00,2024-11-29 09:32:17.134076,2024-11-29 10:02:28.885945
26.0,10,6.071240266937821,True,26.0,28.0,3.0,1.0836098595173098,2024-11-29 15:30:00,2024-11-29 09:25:43.535039,2024-11-29 10:30:44.530533
26.0,10,6.237631024552684,True,26.0,28.0,4.0,1.762244925594132,2024-11-29 15:30:00,2024-11-29 09:15:44.528312,2024-11-29 11:01:28.610044
26.0,10,6.303429350518854,True,26.0,28.0,5.0,2.3353185998130357,2024-11-29 15:30:00,2024-11-29 09:11:47.654338,2024-11-29 11:31:54.801297
26.0,10,6.371384573976684,True,26.0,28.0,6.0,2.913619461993221,2024-11-29 15:30:00,2024-11-29 09:07:43.015534,2024-11-29 12:02:32.045597
26.0,10,6.433521564409602,True,26.0,28.0,7.0,3.5314823181761312,2024-11-29 15:30:00,2024-11-29 09:03:59.322368,2024-11-29 12:35:52.658713
26.0,10,6.2371717923815595,True,26.0,28.0,8.0,4.0333588423454785,2024-11-29 15:30:00,2024-11-29 09:15:46.181547,2024-11-29 13:17:46.273379
26.0,10,6.543087258862215,True,26.0,28.0,9.0,5.296668615119415,2024-11-29 15:30:00,2024-11-29 08:57:24.885868,2024-11-29 14:15:12.892882
26.0,20,28.61763435179273,True,26.0,28.0,0.0,0.0068117666960461065,2024-11-29 15:30:00,2024-11-28 10:52:56.516334,2024-11-28 10:53:21.038694
26.0,20,28.566759690807885,True,26.0,28.0,1.0,0.13796123473730404,2024-11-29 15:30:00,2024-11-28 10:55:59.665113,2024-11-28 11:04:16.325558
26.0,20,28.565519520683665,True,26.0,28.0,2.0,0.5032644079765305,2024-11-29 15:30:00,2024-11-28 10:56:04.129726,2024-11-28 11:26:15.881595
26.0,20,28.674852586516863,True,26.0,28.0,3.0,1.0836098595173098,2024-11-29 15:30:00,2024-11-28 10:49:30.530689,2024-11-28 11:54:31.526183
26.0,20,28.841243344131726,True,26.0,28.0,4.0,1.762244925594132,2024-11-29 15:30:00,2024-11-28 10:39:31.523961,2024-11-28 12:25:15.605693
26.0,20,28.907041670097897,True,26.0,28.0,5.0,2.3353185998130357,2024-11-29 15:30:00,2024-11-28 10:35:34.649988,2024-11-28 12:55:41.796947
26.0,20,28.974996893555726,True,26.0,28.0,6.0,2.913619461993221,2024-11-29 15:30:00,2024-11-28 10:31:30.011183,2024-11-28 13:26:19.041246
26.0,20,29.037133883988645,True,26.0,28.0,7.0,3.5314823181761312,2024-11-29 15:30:00,2024-11-28 10:27:46.318018,2024-11-28 13:59:39.654363
26.0,20,28.840784111960602,True,26.0,28.0,8.0,4.0333588423454785,2024-11-29 15:30:00,2024-11-28 10:39:33.177197,2024-11-28 14:41:33.269029
26.0,20,29.146699578441257,True,26.0,28.0,9.0,5.296668615119415,2024-11-29 15:30:00,2024-11-28 10:21:11.881518,2024-11-28 15:38:59.888532
26.0,20,29.06437850781913,True,26.0,28.0,10.0,6.460766188240086,2024-11-29 15:30:00,2024-11-28 10:26:08.237372,2024-11-28 16:53:46.995650
26.0,20,29.315406389168857,True,26.0,28.0,11.0,8.28657594154356,2024-11-29 15:30:00,2024-11-28 10:11:04.536999,2024-11-28 18:28:16.210389
26.0,20,29.38391535027222,True,26.0,28.0,12.0,10.25959421538937,2024-11-29 15:30:00,2024-11-28 10:06:57.904739,2024-11-28 20:22:32.443914
26.0,20,30.09283334997417,True,26.0,28.0,13.0,13.105775824973534,2024-11-29 15:30:00,2024-11-28 09:24:25.799940,2024-11-28 22:30:46.592910
26.0,20,29.685111725864772,True,26.0,28.0,14.0,14.948314314151503,2024-11-29 15:30:00,2024-11-28 09:48:53.597787,2024-11-29 00:45:47.529318
26.0,20,29.73780524842914,True,26.0,28.0,15.0,17.507032853882265,2024-11-29 15:30:00,2024-11-28 09:45:43.901106,2024-11-29 03:16:09.219380
26.0,20,30.27897832038252,True,26.0,28.0,16.0,20.863978284731274,2024-11-29 15:30:00,2024-11-28 09:13:15.678047,2024-11-29 06:05:05.999872
26.0,20,31.99544706364577,True,26.0,28.0,17.0,25.26589368970963,2024-11-29 15:30:00,2024-11-28 07:30:16.390571,2024-11-29 08:46:13.607854
26.0,20,30.566639369613767,True,26.0,28.0,18.0,25.959230027510785,2024-11-29 15:30:00,2024-11-28 08:56:00.098269,2024-11-29 10:53:33.326368
26.0,20,29.774991775475428,True,26.0,28.0,19.0,27.25217860835255,2024-11-29 15:30:00,2024-11-28 09:43:30.029608,2024-11-29 12:58:37.872598
26.0,30,71.16025923449564,True,26.0,28.0,0.0,0.0068117666960461065,2024-11-29 15:30:00,2024-11-26 16:20:23.066756,2024-11-26 16:20:47.589116
26.0,30,71.1093845735108,True,26.0,28.0,1.0,0.13796123473730404,2024-11-29 15:30:00,2024-11-26 16:23:26.215535,2024-11-26 16:31:42.875980
26.0,30,71.10814440338658,True,26.0,28.0,2.0,0.5032644079765305,2024-11-29 15:30:00,2024-11-26 16:23:30.680148,2024-11-26 16:53:42.432017
26.0,30,71.21747746921977,True,26.0,28.0,3.0,1.0836098595173098,2024-11-29 15:30:00,2024-11-26 16:16:57.081111,2024-11-26 17:21:58.076605
26.0,30,71.38386822683464,True,26.0,28.0,4.0,1.762244925594132,2024-11-29 15:30:00,2024-11-26 16:06:58.074383,2024-11-26 17:52:42.156115
26.0,30,71.4496665528008,True,26.0,28.0,5.0,2.3353185998130357,2024-11-29 15:30:00,2024-11-26 16:03:01.200410,2024-11-26 18:23:08.347369
26.0,30,71.51762177625864,True,26.0,28.0,6.0,2.913619461993221,2024-11-29 15:30:00,2024-11-26 15:58:56.561605,2024-11-26 18:53:45.591668
26.0,30,71.57975876669155,True,26.0,28.0,7.0,3.5314823181761312,2024-11-29 15:30:00,2024-11-26 15:55:12.868440,2024-11-26 19:27:06.204785
26.0,30,71.38340899466351,True,26.0,28.0,8.0,4.0333588423454785,2024-11-29 15:30:00,2024-11-26 16:06:59.727619,2024-11-26 20:08:59.819451
26.0,30,71.68932446114417,True,26.0,28.0,9.0,5.296668615119415,2024-11-29 15:30:00,2024-11-26 15:48:38.431940,2024-11-26 21:06:26.438954
26.0,30,71.60700339052204,True,26.0,28.0,10.0,6.460766188240086,2024-11-29 15:30:00,2024-11-26 15:53:34.787794,2024-11-26 22:21:13.546072
26.0,30,71.85803127187177,True,26.0,28.0,11.0,8.28657594154356,2024-11-29 15:30:00,2024-11-26 15:38:31.087421,2024-11-26 23:55:42.760811
26.0,30,71.92654023297513,True,26.0,28.0,12.0,10.25959421538937,2024-11-29 15:30:00,2024-11-26 15:34:24.455161,2024-11-27 01:49:58.994336
26.0,30,72.63545823267708,True,26.0,28.0,13.0,13.105775824973534,2024-11-29 15:30:00,2024-11-26 14:51:52.350362,2024-11-27 03:58:13.143332
26.0,30,72.22773660856768,True,26.0,28.0,14.0,14.948314314151503,2024-11-29 15:30:00,2024-11-26 15:16:20.148209,2024-11-27 06:13:14.079740
26.0,30,72.28043013113205,True,26.0,28.0,15.0,17.507032853882265,2024-11-29 15:30:00,2024-11-26 15:13:10.451528,2024-11-27 08:43:35.769802
26.0,30,72.82160320308543,True,26.0,28.0,16.0,20.863978284731274,2024-11-29 15:30:00,2024-11-26 14:40:42.228469,2024-11-27 11:32:32.550294
26.0,30,74.53807194634868,True,26.0,28.0,17.0,25.26589368970963,2024-11-29 15:30:00,2024-11-26 12:57:42.940993,2024-11-27 14:13:40.158276
26.0,30,73.10926425231668,True,26.0,28.0,18.0,25.959230027510785,2024-11-29 15:30:00,2024-11-26 14:23:26.648692,2024-11-27 16:20:59.876791
26.0,30,72.31761665817834,True,26.0,28.0,19.0,27.25217860835255,2024-11-29 15:30:00,2024-11-26 15:10:56.580031,2024-11-27 18:26:04.423021
26.0,30,74.35263207602333,True,26.0,28.0,20.0,31.810007193320416,2024-11-29 15:30:00,2024-11-26 13:08:50.524526,2024-11-27 20:57:26.550422
26.0,30,73.59486505435092,True,26.0,28.0,21.0,33.74785328805228,2024-11-29 15:30:00,2024-11-26 13:54:18.485804,2024-11-27 23:39:10.757641
26.0,30,75.15699815235752,True,26.0,28.0,22.0,38.14421053273509,2024-11-29 15:30:00,2024-11-26 12:20:34.806652,2024-11-28 02:29:13.964570
26.0,30,75.26023230618142,True,26.0,28.0,23.0,41.0924058801138,2024-11-29 15:30:00,2024-11-26 12:14:23.163698,2024-11-28 05:19:55.824866
26.0,30,74.72369687925988,True,26.0,28.0,24.0,43.667548273652756,2024-11-29 15:30:00,2024-11-26 12:46:34.691235,2024-11-28 08:26:37.865020
26.0,30,77.75149392949373,True,26.0,28.0,25.0,50.31235930696221,2024-11-29 15:30:00,2024-11-26 09:44:54.621854,2024-11-28 12:03:39.115359
26.0,30,77.61774701894996,True,26.0,28.0,26.0,53.8985954630848,2024-11-29 15:30:00,2024-11-26 09:52:56.110732,2024-11-28 15:46:51.054399
26.0,30,77.69846767211715,True,26.0,28.0,27.0,58.10971078706234,2024-11-29 15:30:00,2024-11-26 09:48:05.516380,2024-11-28 19:54:40.475213
26.0,30,77.75603325875608,True,26.0,28.0,28.0,63.5481454240678,2024-11-29 15:30:00,2024-11-26 09:44:38.280268,2024-11-29 01:17:31.603795
26.0,30,82.11820758702243,True,26.0,28.0,29.0,74.65797614875368,2024-11-29 15:30:00,2024-11-26 05:22:54.452687,2024-11-29 08:02:23.166823
26.0,40,192.6939735023161,True,26.0,28.0,0.0,0.0068117666960461065,2024-11-29 15:30:00,2024-11-21 14:48:21.695392,2024-11-21 14:48:46.217752
26.0,40,192.64309884133127,True,26.0,28.0,1.0,0.13796123473730404,2024-11-29 15:30:00,2024-11-21 14:51:24.844171,2024-11-21 14:59:41.504616
26.0,40,192.64185867120705,True,26.0,28.0,2.0,0.5032644079765305,2024-11-29 15:30:00,2024-11-21 14:51:29.308784,2024-11-21 15:21:41.060653
26.0,40,192.75119173704024,True,26.0,28.0,3.0,1.0836098595173098,2024-11-29 15:30:00,2024-11-21 14:44:55.709747,2024-11-21 15:49:56.705241
26.0,40,192.9175824946551,True,26.0,28.0,4.0,1.762244925594132,2024-11-29 15:30:00,2024-11-21 14:34:56.703019,2024-11-21 16:20:40.784751
26.0,40,192.98338082062128,True,26.0,28.0,5.0,2.3353185998130357,2024-11-29 15:30:00,2024-11-21 14:30:59.829046,2024-11-21 16:51:06.976005
26.0,40,193.0513360440791,True,26.0,28.0,6.0,2.913619461993221,2024-11-29 15:30:00,2024-11-21 14:26:55.190241,2024-11-21 17:21:44.220304
26.0,40,193.11347303451203,True,26.0,28.0,7.0,3.5314823181761312,2024-11-29 15:30:00,2024-11-21 14:23:11.497076,2024-11-21 17:55:04.833421
26.0,40,192.91712326248398,True,26.0,28.0,8.0,4.0333588423454785,2024-11-29 15:30:00,2024-11-21 14:34:58.356255,2024-11-21 18:36:58.448087
26.0,40,193.22303872896464,True,26.0,28.0,9.0,5.296668615119415,2024-11-29 15:30:00,2024-11-21 14:16:37.060576,2024-11-21 19:34:25.067590
26.0,40,193.1407176583425,True,26.0,28.0,10.0,6.460766188240086,2024-11-29 15:30:00,2024-11-21 14:21:33.416430,2024-11-21 20:49:12.174708
26.0,40,193.39174553969224,True,26.0,28.0,11.0,8.28657594154356,2024-11-29 15:30:00,2024-11-21 14:06:29.716057,2024-11-21 22:23:41.389447
26.0,40,193.4602545007956,True,26.0,28.0,12.0,10.25959421538937,2024-11-29 15:30:00,2024-11-21 14:02:23.083797,2024-11-22 00:17:57.622972
26.0,40,194.16917250049755,True,26.0,28.0,13.0,13.105775824973534,2024-11-29 15:30:00,2024-11-21 13:19:50.978998,2024-11-22 02:26:11.771968
26.0,40,193.76145087638815,True,26.0,28.0,14.0,14.948314314151503,2024-11-29 15:30:00,2024-11-21 13:44:18.776845,2024-11-22 04:41:12.708376
26.0,40,193.81414439895252,True,26.0,28.0,15.0,17.507032853882265,2024-11-29 15:30:00,2024-11-21 13:41:09.080164,2024-11-22 07:11:34.398438
26.0,40,194.3553174709059,True,26.0,28.0,16.0,20.863978284731274,2024-11-29 15:30:00,2024-11-21 13:08:40.857105,2024-11-22 10:00:31.178930
26.0,40,196.07178621416915,True,26.0,28.0,17.0,25.26589368970963,2024-11-29 15:30:00,2024-11-21 11:25:41.569629,2024-11-22 12:41:38.786912
26.0,40,194.64297852013715,True,26.0,28.0,18.0,25.959230027510785,2024-11-29 15:30:00,2024-11-21 12:51:25.277328,2024-11-22 14:48:58.505427
26.0,40,193.8513309259988,True,26.0,28.0,19.0,27.25217860835255,2024-11-29 15:30:00,2024-11-21 13:38:55.208666,2024-11-22 16:54:03.051656
26.0,40,195.8863463438438,True,26.0,28.0,20.0,31.810007193320416,2024-11-29 15:30:00,2024-11-21 11:36:49.153162,2024-11-22 19:25:25.179058
26.0,40,195.1285793221714,True,26.0,28.0,21.0,33.74785328805228,2024-11-29 15:30:00,2024-11-21 12:22:17.114440,2024-11-22 22:07:09.386277
26.0,40,196.690712420178,True,26.0,28.0,22.0,38.14421053273509,2024-11-29 15:30:00,2024-11-21 10:48:33.435287,2024-11-23 00:57:12.593205
26.0,40,196.7939465740019,True,26.0,28.0,23.0,41.0924058801138,2024-11-29 15:30:00,2024-11-21 10:42:21.792334,2024-11-23 03:47:54.453502
26.0,40,196.25741114708035,True,26.0,28.0,24.0,43.667548273652756,2024-11-29 15:30:00,2024-11-21 11:14:33.319871,2024-11-23 06:54:36.493656
26.0,40,199.2852081973142,True,26.0,28.0,25.0,50.31235930696221,2024-11-29 15:30:00,2024-11-21 08:12:53.250490,2024-11-23 10:31:37.743995
26.0,40,199.15146128677043,True,26.0,28.0,26.0,53.8985954630848,2024-11-29 15:30:00,2024-11-21 08:20:54.739368,2024-11-23 14:14:49.683035
26.0,40,199.23218193993762,True,26.0,28.0,27.0,58.10971078706234,2024-11-29 15:30:00,2024-11-21 08:16:04.145016,2024-11-23 18:22:39.103849
26.0,40,199.28974752657655,True,26.0,28.0,28.0,63.5481454240678,2024-11-29 15:30:00,2024-11-21 08:12:36.908904,2024-11-23 23:45:30.232431
26.0,40,203.6519218548429,True,26.0,28.0,29.0,74.65797614875368,2024-11-29 15:30:00,2024-11-21 03:50:53.081323,2024-11-24 06:30:21.795459
26.0,40,202.6940804012503,True,26.0,28.0,30.0,81.16036613342982,2024-11-29 15:30:00,2024-11-21 04:48:21.310555,2024-11-24 13:57:58.628635
26.0,40,209.73098210567264,True,26.0,28.0,31.0,95.77091632241968,2024-11-29 15:30:00,2024-11-20 21:46:08.464420,2024-11-24 21:32:23.763181
26.0,40,208.5296621449604,True,26.0,28.0,32.0,101.08831136643585,2024-11-29 15:30:00,2024-11-20 22:58:13.216278,2024-11-25 04:03:31.137197
26.0,40,206.1846352022792,True,26.0,28.0,33.0,105.46278452895103,2024-11-29 15:30:00,2024-11-21 01:18:55.313272,2024-11-25 10:46:41.337576
26.0,40,212.59245936303955,True,26.0,28.0,34.0,120.70652954638695,2024-11-29 15:30:00,2024-11-20 18:54:27.146293,2024-11-25 19:36:50.652660
26.0,40,220.9957077340523,True,26.0,28.0,35.0,138.80252704109262,2024-11-29 15:30:00,2024-11-20 10:30:15.452157,2024-11-26 05:18:24.549505
26.0,40,214.10933173539297,True,26.0,28.0,36.0,142.10852559559044,2024-11-29 15:30:00,2024-11-20 17:23:26.405753,2024-11-26 15:29:57.097897
26.0,40,227.68789039237072,True,26.0,28.0,37.0,168.95009358665038,2024-11-29 15:30:00,2024-11-20 03:48:43.594587,2024-11-27 04:45:43.931499
26.0,40,235.07763606473327,True,26.0,28.0,38.0,191.89154237470666,2024-11-29 15:30:00,2024-11-19 20:25:20.510167,2024-11-27 20:18:50.062716
26.0,40,241.24271288923546,True,26.0,28.0,39.0,216.0985516614337,2024-11-29 15:30:00,2024-11-19 14:15:26.233599,2024-11-28 14:21:21.019580
28.0,10,6.45395442154404,True,28.0,26.0,0.0,0.0,2024-11-29 15:30:00,2024-11-29 09:02:45.764082,2024-11-29 09:02:45.764082
28.0,10,6.504829082528886,True,28.0,26.0,1.0,0.18202412902610376,2024-11-29 15:30:00,2024-11-29 08:59:42.615303,2024-11-29 09:10:37.902167
28.0,10,6.506069252653106,True,28.0,26.0,2.0,0.54856747238955,2024-11-29 15:30:00,2024-11-29 08:59:38.150690,2024-11-29 09:32:32.993591
28.0,10,6.396736186819908,True,28.0,26.0,3.0,1.0195798580971314,2024-11-29 15:30:00,2024-11-29 09:06:11.749727,2024-11-29 10:07:22.237216
28.0,10,6.230345429205045,True,28.0,26.0,4.0,1.5318241665590904,2024-11-29 15:30:00,2024-11-29 09:16:10.756455,2024-11-29 10:48:05.323455
28.0,10,6.164547103238874,True,28.0,26.0,5.0,2.0390995148118236,2024-11-29 15:30:00,2024-11-29 09:20:07.630428,2024-11-29 11:22:28.388681
28.0,10,6.0965918797810446,True,28.0,26.0,6.0,2.5494451535341796,2024-11-29 15:30:00,2024-11-29 09:24:12.269233,2024-11-29 11:57:10.271786
28.0,10,6.034454889348126,True,28.0,26.0,7.0,3.105171019284171,2024-11-29 15:30:00,2024-11-29 09:27:55.962398,2024-11-29 12:34:14.578067
28.0,10,6.230804661376169,True,28.0,26.0,8.0,3.8033973154815612,2024-11-29 15:30:00,2024-11-29 09:16:09.103219,2024-11-29 13:04:21.333555
28.0,10,5.924889194895513,True,28.0,26.0,9.0,4.7607916217748425,2024-11-29 15:30:00,2024-11-29 09:34:30.398898,2024-11-29 14:20:09.248736
28.0,20,31.80319542662437,True,28.0,26.0,0.0,0.0,2024-11-29 15:30:00,2024-11-28 07:41:48.496464,2024-11-28 07:41:48.496464
28.0,20,31.854070087609216,True,28.0,26.0,1.0,0.18202412902610376,2024-11-29 15:30:00,2024-11-28 07:38:45.347685,2024-11-28 07:49:40.634549
28.0,20,31.855310257733436,True,28.0,26.0,2.0,0.54856747238955,2024-11-29 15:30:00,2024-11-28 07:38:40.883072,2024-11-28 08:11:35.725973
28.0,20,31.745977191900238,True,28.0,26.0,3.0,1.0195798580971314,2024-11-29 15:30:00,2024-11-28 07:45:14.482109,2024-11-28 08:46:24.969598
28.0,20,31.579586434285375,True,28.0,26.0,4.0,1.5318241665590904,2024-11-29 15:30:00,2024-11-28 07:55:13.488837,2024-11-28 09:27:08.055837
28.0,20,31.513788108319204,True,28.0,26.0,5.0,2.0390995148118236,2024-11-29 15:30:00,2024-11-28 07:59:10.362810,2024-11-28 10:01:31.121063
28.0,20,31.445832884861375,True,28.0,26.0,6.0,2.5494451535341796,2024-11-29 15:30:00,2024-11-28 08:03:15.001614,2024-11-28 10:36:13.004167
28.0,20,31.383695894428456,True,28.0,26.0,7.0,3.105171019284171,2024-11-29 15:30:00,2024-11-28 08:06:58.694780,2024-11-28 11:13:17.310449
28.0,20,31.5800456664565,True,28.0,26.0,8.0,3.8033973154815612,2024-11-29 15:30:00,2024-11-28 07:55:11.835601,2024-11-28 11:43:24.065937
28.0,20,31.274130199975843,True,28.0,26.0,9.0,4.7607916217748425,2024-11-29 15:30:00,2024-11-28 08:13:33.131280,2024-11-28 12:59:11.981118
28.0,20,31.356451270597972,True,28.0,26.0,10.0,6.007210265517642,2024-11-29 15:30:00,2024-11-28 08:08:36.775426,2024-11-28 14:09:02.732382
28.0,20,31.105423389248244,True,28.0,26.0,11.0,7.581992137471389,2024-11-29 15:30:00,2024-11-28 08:23:40.475799,2024-11-28 15:58:35.647494
28.0,20,31.036914428144883,True,28.0,26.0,12.0,9.486501450213837,2024-11-29 15:30:00,2024-11-28 08:27:47.108059,2024-11-28 17:56:58.513280
28.0,20,30.32799642844293,True,28.0,26.0,13.0,11.623765060096048,2024-11-29 15:30:00,2024-11-28 09:10:19.212858,2024-11-28 20:47:44.767074
28.0,20,30.73571805255233,True,28.0,26.0,14.0,13.874025173383416,2024-11-29 15:30:00,2024-11-28 08:45:51.415011,2024-11-28 22:38:17.905635
28.0,20,30.68302452998796,True,28.0,26.0,15.0,16.38005019054981,2024-11-29 15:30:00,2024-11-28 08:49:01.111692,2024-11-29 01:11:49.292378
28.0,20,30.14185145803458,True,28.0,26.0,16.0,19.195822549445438,2024-11-29 15:30:00,2024-11-28 09:21:29.334751,2024-11-29 04:33:14.295929
28.0,20,28.42538271477133,True,28.0,26.0,17.0,21.881269211160543,2024-11-29 15:30:00,2024-11-28 11:04:28.622227,2024-11-29 08:57:21.191387
28.0,20,29.854190408803333,True,28.0,26.0,18.0,24.0034132429937,2024-11-29 15:30:00,2024-11-28 09:38:44.914528,2024-11-29 09:38:57.202203
28.0,20,30.645838002941673,True,28.0,26.0,19.0,26.088009417973808,2024-11-29 15:30:00,2024-11-28 08:51:14.983189,2024-11-29 10:56:31.817094
28.0,30,81.15355436673377,True,28.0,26.0,0.0,0.0,2024-11-29 15:30:00,2024-11-26 06:20:47.204280,2024-11-26 06:20:47.204280
28.0,30,81.20442902771862,True,28.0,26.0,1.0,0.18202412902610376,2024-11-29 15:30:00,2024-11-26 06:17:44.055500,2024-11-26 06:28:39.342364
28.0,30,81.20566919784284,True,28.0,26.0,2.0,0.54856747238955,2024-11-29 15:30:00,2024-11-26 06:17:39.590888,2024-11-26 06:50:34.433789
28.0,30,81.09633613200964,True,28.0,26.0,3.0,1.0195798580971314,2024-11-29 15:30:00,2024-11-26 06:24:13.189925,2024-11-26 07:25:23.677414
28.0,30,80.92994537439478,True,28.0,26.0,4.0,1.5318241665590904,2024-11-29 15:30:00,2024-11-26 06:34:12.196652,2024-11-26 08:06:06.763652
28.0,30,80.8641470484286,True,28.0,26.0,5.0,2.0390995148118236,2024-11-29 15:30:00,2024-11-26 06:38:09.070626,2024-11-26 08:40:29.828879
28.0,30,80.79619182497078,True,28.0,26.0,6.0,2.5494451535341796,2024-11-29 15:30:00,2024-11-26 06:42:13.709430,2024-11-26 09:15:11.711983
28.0,30,80.73405483453786,True,28.0,26.0,7.0,3.105171019284171,2024-11-29 15:30:00,2024-11-26 06:45:57.402596,2024-11-26 09:52:16.018265
28.0,30,80.9304046065659,True,28.0,26.0,8.0,3.8033973154815612,2024-11-29 15:30:00,2024-11-26 06:34:10.543416,2024-11-26 10:22:22.773752
28.0,30,80.62448914008525,True,28.0,26.0,9.0,4.7607916217748425,2024-11-29 15:30:00,2024-11-26 06:52:31.839096,2024-11-26 11:38:10.688934
28.0,30,80.70681021070737,True,28.0,26.0,10.0,6.007210265517642,2024-11-29 15:30:00,2024-11-26 06:47:35.483241,2024-11-26 12:48:01.440197
28.0,30,80.45578232935765,True,28.0,26.0,11.0,7.581992137471389,2024-11-29 15:30:00,2024-11-26 07:02:39.183614,2024-11-26 14:37:34.355309
28.0,30,80.38727336825428,True,28.0,26.0,12.0,9.486501450213837,2024-11-29 15:30:00,2024-11-26 07:06:45.815874,2024-11-26 16:35:57.221095
28.0,30,79.67835536855233,True,28.0,26.0,13.0,11.623765060096048,2024-11-29 15:30:00,2024-11-26 07:49:17.920673,2024-11-26 19:26:43.474889
28.0,30,80.08607699266173,True,28.0,26.0,14.0,13.874025173383416,2024-11-29 15:30:00,2024-11-26 07:24:50.122826,2024-11-26 21:17:16.613450
28.0,30,80.03338347009736,True,28.0,26.0,15.0,16.38005019054981,2024-11-29 15:30:00,2024-11-26 07:27:59.819508,2024-11-26 23:50:48.000194
28.0,30,79.49221039814398,True,28.0,26.0,16.0,19.195822549445438,2024-11-29 15:30:00,2024-11-26 08:00:28.042567,2024-11-27 03:12:13.003745
28.0,30,77.77574165488073,True,28.0,26.0,17.0,21.881269211160543,2024-11-29 15:30:00,2024-11-26 09:43:27.330042,2024-11-27 07:36:19.899202
28.0,30,79.20454934891274,True,28.0,26.0,18.0,24.0034132429937,2024-11-29 15:30:00,2024-11-26 08:17:43.622344,2024-11-27 08:17:55.910019
28.0,30,79.99619694305107,True,28.0,26.0,19.0,26.088009417973808,2024-11-29 15:30:00,2024-11-26 07:30:13.691005,2024-11-27 09:35:30.524910
28.0,30,77.96118152520609,True,28.0,26.0,20.0,28.610822585096685,2024-11-29 15:30:00,2024-11-26 09:32:19.746509,2024-11-27 14:08:58.707815
28.0,30,78.7189485468785,True,28.0,26.0,21.0,31.30643570150096,2024-11-29 15:30:00,2024-11-26 08:46:51.785231,2024-11-27 16:05:14.953756
28.0,30,77.1568154488719,True,28.0,26.0,22.0,34.140659848177165,2024-11-29 15:30:00,2024-11-26 10:20:35.464384,2024-11-27 20:29:01.839837
28.0,30,77.05358129504799,True,28.0,26.0,23.0,36.985621041731974,2024-11-29 15:30:00,2024-11-26 10:26:47.107338,2024-11-27 23:25:55.343088
28.0,30,77.59011672196954,True,28.0,26.0,24.0,40.097298862192474,2024-11-29 15:30:00,2024-11-26 09:54:35.579801,2024-11-28 02:00:25.855705
28.0,30,74.56231967173568,True,28.0,26.0,25.0,43.71431284526807,2024-11-29 15:30:00,2024-11-26 12:56:15.649182,2024-11-28 08:39:07.175425
28.0,30,74.69606658227946,True,28.0,26.0,26.0,47.43429591193444,2024-11-29 15:30:00,2024-11-26 12:48:14.160304,2024-11-28 12:14:17.625587
28.0,30,74.61534592911227,True,28.0,26.0,27.0,51.56469058274479,2024-11-29 15:30:00,2024-11-26 12:53:04.754655,2024-11-28 16:26:57.640753
28.0,30,74.55778034247334,True,28.0,26.0,28.0,56.945559633111316,2024-11-29 15:30:00,2024-11-26 12:56:31.990767,2024-11-28 21:53:16.005446
28.0,30,70.19560601420699,True,28.0,26.0,29.0,63.693216029530845,2024-11-29 15:30:00,2024-11-26 17:18:15.818349,2024-11-29 08:59:51.396055
28.0,40,240.32866442142495,True,28.0,26.0,0.0,0.0,2024-11-29 15:30:00,2024-11-19 15:10:16.808083,2024-11-19 15:10:16.808083
28.0,40,240.3795390824098,True,28.0,26.0,1.0,0.18202412902610376,2024-11-29 15:30:00,2024-11-19 15:07:13.659303,2024-11-19 15:18:08.946167
28.0,40,240.380779252534,True,28.0,26.0,2.0,0.54856747238955,2024-11-29 15:30:00,2024-11-19 15:07:09.194691,2024-11-19 15:40:04.037592
28.0,40,240.2714461867008,True,28.0,26.0,3.0,1.0195798580971314,2024-11-29 15:30:00,2024-11-19 15:13:42.793728,2024-11-19 16:14:53.281217
28.0,40,240.10505542908595,True,28.0,26.0,4.0,1.5318241665590904,2024-11-29 15:30:00,2024-11-19 15:23:41.800455,2024-11-19 16:55:36.367455
28.0,40,240.03925710311978,True,28.0,26.0,5.0,2.0390995148118236,2024-11-29 15:30:00,2024-11-19 15:27:38.674429,2024-11-19 17:29:59.432682
28.0,40,239.97130187966195,True,28.0,26.0,6.0,2.5494451535341796,2024-11-29 15:30:00,2024-11-19 15:31:43.313233,2024-11-19 18:04:41.315786
28.0,40,239.90916488922903,True,28.0,26.0,7.0,3.105171019284171,2024-11-29 15:30:00,2024-11-19 15:35:27.006399,2024-11-19 18:41:45.622068
28.0,40,240.10551466125708,True,28.0,26.0,8.0,3.8033973154815612,2024-11-29 15:30:00,2024-11-19 15:23:40.147219,2024-11-19 19:11:52.377555
28.0,40,239.79959919477642,True,28.0,26.0,9.0,4.7607916217748425,2024-11-29 15:30:00,2024-11-19 15:42:01.442899,2024-11-19 20:27:40.292737
28.0,40,239.88192026539855,True,28.0,26.0,10.0,6.007210265517642,2024-11-29 15:30:00,2024-11-19 15:37:05.087045,2024-11-19 21:37:31.044001
28.0,40,239.63089238404882,True,28.0,26.0,11.0,7.581992137471389,2024-11-29 15:30:00,2024-11-19 15:52:08.787417,2024-11-19 23:27:03.959112
28.0,40,239.56238342294546,True,28.0,26.0,12.0,9.486501450213837,2024-11-29 15:30:00,2024-11-19 15:56:15.419677,2024-11-20 01:25:26.824898
28.0,40,238.8534654232435,True,28.0,26.0,13.0,11.623765060096048,2024-11-29 15:30:00,2024-11-19 16:38:47.524476,2024-11-20 04:16:13.078692
28.0,40,239.2611870473529,True,28.0,26.0,14.0,13.874025173383416,2024-11-29 15:30:00,2024-11-19 16:14:19.726630,2024-11-20 06:06:46.217254
28.0,40,239.20849352478854,True,28.0,26.0,15.0,16.38005019054981,2024-11-29 15:30:00,2024-11-19 16:17:29.423311,2024-11-20 08:40:17.603997
28.0,40,238.66732045283516,True,28.0,26.0,16.0,19.195822549445438,2024-11-29 15:30:00,2024-11-19 16:49:57.646370,2024-11-20 12:01:42.607548
28.0,40,236.9508517095719,True,28.0,26.0,17.0,21.881269211160543,2024-11-29 15:30:00,2024-11-19 18:32:56.933846,2024-11-20 16:25:49.503006
28.0,40,238.3796594036039,True,28.0,26.0,18.0,24.0034132429937,2024-11-29 15:30:00,2024-11-19 17:07:13.226147,2024-11-20 17:07:25.513822
28.0,40,239.17130699774225,True,28.0,26.0,19.0,26.088009417973808,2024-11-29 15:30:00,2024-11-19 16:19:43.294808,2024-11-20 18:25:00.128713
28.0,40,237.13629157989726,True,28.0,26.0,20.0,28.610822585096685,2024-11-29 15:30:00,2024-11-19 18:21:49.350312,2024-11-20 22:58:28.311618
28.0,40,237.89405860156967,True,28.0,26.0,21.0,31.30643570150096,2024-11-29 15:30:00,2024-11-19 17:36:21.389034,2024-11-21 00:54:44.557559
28.0,40,236.33192550356307,True,28.0,26.0,22.0,34.140659848177165,2024-11-29 15:30:00,2024-11-19 19:10:05.068187,2024-11-21 05:18:31.443640
28.0,40,236.22869134973917,True,28.0,26.0,23.0,36.985621041731974,2024-11-29 15:30:00,2024-11-19 19:16:16.711141,2024-11-21 08:15:24.946891
28.0,40,236.7652267766607,True,28.0,26.0,24.0,40.097298862192474,2024-11-29 15:30:00,2024-11-19 18:44:05.183604,2024-11-21 10:49:55.459508
28.0,40,233.73742972642685,True,28.0,26.0,25.0,43.71431284526807,2024-11-29 15:30:00,2024-11-19 21:45:45.252985,2024-11-21 17:28:36.779228
28.0,40,233.87117663697063,True,28.0,26.0,26.0,47.43429591193444,2024-11-29 15:30:00,2024-11-19 21:37:43.764107,2024-11-21 21:03:47.229390
28.0,40,233.79045598380344,True,28.0,26.0,27.0,51.56469058274479,2024-11-29 15:30:00,2024-11-19 21:42:34.358458,2024-11-22 01:16:27.244556
28.0,40,233.7328903971645,True,28.0,26.0,28.0,56.945559633111316,2024-11-29 15:30:00,2024-11-19 21:46:01.594570,2024-11-22 06:42:45.609249
28.0,40,229.37071606889816,True,28.0,26.0,29.0,63.693216029530845,2024-11-29 15:30:00,2024-11-20 02:07:45.422152,2024-11-22 17:49:20.999858
28.0,40,230.32855752249077,True,28.0,26.0,30.0,71.1534474677996,2024-11-29 15:30:00,2024-11-20 01:10:17.192919,2024-11-23 00:19:29.603803
28.0,40,223.29165581806842,True,28.0,26.0,31.0,78.72709595236711,2024-11-29 15:30:00,2024-11-20 08:12:30.039055,2024-11-23 14:56:07.584484
28.0,40,224.49297577878065,True,28.0,26.0,32.0,85.2458109570955,2024-11-29 15:30:00,2024-11-20 07:00:25.287196,2024-11-23 20:15:10.206642
28.0,40,226.83800272146186,True,28.0,26.0,33.0,91.9653110622919,2024-11-29 15:30:00,2024-11-20 04:39:43.190203,2024-11-24 00:37:38.310027
28.0,40,220.4301785607015,True,28.0,26.0,34.0,100.80123191896746,2024-11-29 15:30:00,2024-11-20 11:04:11.357181,2024-11-24 15:52:15.792089
28.0,40,212.02693018968876,True,28.0,26.0,35.0,110.49398104266038,2024-11-29 15:30:00,2024-11-20 19:28:23.051317,2024-11-25 09:58:01.383071
28.0,40,218.9133061883481,True,28.0,26.0,36.0,120.68635559581753,2024-11-29 15:30:00,2024-11-20 12:35:12.097722,2024-11-25 13:16:22.977867
28.0,40,205.33474753137034,True,28.0,26.0,37.0,133.94936492989973,2024-11-29 15:30:00,2024-11-21 02:09:54.908887,2024-11-26 16:06:52.622635
28.0,40,197.9450018590078,True,28.0,26.0,38.0,149.50106804559346,2024-11-29 15:30:00,2024-11-21 09:33:17.993308,2024-11-27 15:03:21.838272
28.0,40,191.7799250345056,True,28.0,26.0,39.0,167.5430005078183,2024-11-29 15:30:00,2024-11-21 15:43:12.269876,2024-11-28 15:15:47.071704
